id,blockNumber,blockTimestamp,fee,hash,pubkey,status,created_timestamp,updated_timestamp
1,20715331,1725912371,1004782382600000,74fa5972053c6ecfed05f607063047a2f9c1bffc75c18267c9cef3b5f655580b,NULL,valid,"2024-09-10 01:43:17","2024-09-10 01:43:17"
2,20715334,1725912407,633972083630448,29c4a93d2d1434998522905d6cfe7763007cb42e773c73bbf3c5bc3cf1cfafcd,NULL,valid,"2024-09-10 01:43:21","2024-09-10 01:43:21"
3,20715909,1725919331,318787222270000,60a85fc47908dba0b86bfd181584931540f296f21c4bb1122c91f478e2cf069b,NULL,valid,"2024-09-10 03:32:22","2024-09-10 03:32:22"
4,20715909,1725919331,318787222270000,edcffda460c228a02d67ba953a535e680f3d6caa2a367e66627f52b4dafa11e5,NULL,valid,"2024-09-10 03:32:22","2024-09-10 03:32:22"
5,20715909,1725919331,318787222270000,0ae730f047844895a1bd1b0d7e51193c4c88c4c49e61e0079c2449a819997e4f,NULL,valid,"2024-09-10 03:32:22","2024-09-10 03:32:22"
6,20715909,1725919331,318787222270000,ac825b2da09831e735bd2b3d6317f291a6c6441759a5b66d902892acdf756f1c,NULL,valid,"2024-09-10 03:32:22","2024-09-10 03:32:22"
7,20715909,1725919331,318787222270000,7c30a5de2eec597d0a5b31232ce9e4ae8afd2b976085063cf890083bfef1d806,NULL,valid,"2024-09-10 03:32:22","2024-09-10 03:32:22"
8,20715909,1725919331,318787222270000,b558b82e3e07ad14fc7a407a05ac9f1efae0be4c7f2b1d68384ad4882e771fa9,NULL,valid,"2024-09-10 03:32:22","2024-09-10 03:32:22"
9,20715909,1725919331,318787222270000,b67d50116356af9d42459b4031aa265ea9656b379bbcf0d8e344f32a3aa3a12e,NULL,valid,"2024-09-10 03:32:22","2024-09-10 03:32:22"
10,20715909,1725919331,318787222270000,b20da129ae46ae6c775beaabb6f898559b1585d5c6282081d27e13523c063d18,NULL,valid,"2024-09-10 03:32:22","2024-09-10 03:32:22"
11,20715909,1725919331,318787222270000,eab53d4630b15dc14edd1f87ddf01b80619ce2edda7d2a0f57fd6019ed29ed31,NULL,valid,"2024-09-10 03:32:22","2024-09-10 03:32:22"
12,20715909,1725919331,318787222270000,e4f80482922dc746f4aab64efafb4f683fa1135d98bd2b873a791a8a8117c852,NULL,valid,"2024-09-10 03:32:22","2024-09-10 03:32:22"
13,20715909,1725919331,318787222270000,5765fc152ff0ec5225e3e845ef009d3e91ab4a3b0b5b930a869c55ccd269160e,NULL,valid,"2024-09-10 03:32:22","2024-09-10 03:32:22"
14,20715909,1725919331,318787222270000,37097a895439dd2a5aeb1aaef9c394ab1cb27c48c9d6e0ff587833f067bc49c6,NULL,valid,"2024-09-10 03:32:22","2024-09-10 03:32:22"
15,20715909,1725919331,318787222270000,a06e6ef9d3147cb267282e106ec08510b3f9bce0f4d4ea81141363366761d110,NULL,valid,"2024-09-10 03:32:22","2024-09-10 03:32:22"
16,20715909,1725919331,318787222270000,fd7d85414145fc6014f5de8b34e7868156c15cedd1f0c5ac60efa3de3b379af3,NULL,valid,"2024-09-10 03:32:22","2024-09-10 03:32:22"
17,20715909,1725919331,318787222270000,bf896e0b8a980a403502d7c89f3a4747835d692d2ad91c65f684bc8f1583e7d1,NULL,valid,"2024-09-10 03:32:22","2024-09-10 03:32:22"
18,20715909,1725919331,318787222270000,f55759db786540e65961ce8c624c7a617a53a90433e8985bd6752a7fd44e5ac5,NULL,valid,"2024-09-10 03:32:22","2024-09-10 03:32:22"
19,20715909,1725919331,318787222270000,c1c135c193db88e3afdc127f59d35d1d39cd671de504880ecf885d323927c8cc,NULL,valid,"2024-09-10 03:32:22","2024-09-10 03:32:22"
20,20715909,1725919331,318787222270000,2ffcf4791bcb167e3690a752ebbef46aa60b802a386fd78dc27fd8c1268a6134,NULL,valid,"2024-09-10 03:32:22","2024-09-10 03:32:22"
21,20715909,1725919331,318787222270000,26ab982796797ad395b662ea169ad5a24308b32f4540e5884cacde74da922ff2,NULL,valid,"2024-09-10 03:32:22","2024-09-10 03:32:22"
22,20715909,1725919331,318787222270000,798b984040a79d423919759811e07fec3c42628bc9ae085898551463e325da38,NULL,valid,"2024-09-10 03:32:22","2024-09-10 03:32:22"
23,20715909,1725919331,318787222270000,88d6476cb5836c4e9107eda400422971ff586b6b6fc8efb7e05196260c1f0689,NULL,valid,"2024-09-10 03:32:22","2024-09-10 03:32:22"
24,20715909,1725919331,318787222270000,60a85fc47908dba0b86bfd181584931540f296f21c4bb1122c91f478e2cf069b,NULL,valid,"2024-09-10 03:32:24","2024-09-10 03:32:24"
25,20715909,1725919331,318787222270000,edcffda460c228a02d67ba953a535e680f3d6caa2a367e66627f52b4dafa11e5,NULL,valid,"2024-09-10 03:32:24","2024-09-10 03:32:24"
26,20715909,1725919331,318787222270000,0ae730f047844895a1bd1b0d7e51193c4c88c4c49e61e0079c2449a819997e4f,NULL,valid,"2024-09-10 03:32:24","2024-09-10 03:32:24"
27,20715909,1725919331,318787222270000,ac825b2da09831e735bd2b3d6317f291a6c6441759a5b66d902892acdf756f1c,NULL,valid,"2024-09-10 03:32:24","2024-09-10 03:32:24"
28,20715909,1725919331,318787222270000,7c30a5de2eec597d0a5b31232ce9e4ae8afd2b976085063cf890083bfef1d806,NULL,valid,"2024-09-10 03:32:24","2024-09-10 03:32:24"
29,20715909,1725919331,318787222270000,b558b82e3e07ad14fc7a407a05ac9f1efae0be4c7f2b1d68384ad4882e771fa9,NULL,valid,"2024-09-10 03:32:24","2024-09-10 03:32:24"
30,20715909,1725919331,318787222270000,b67d50116356af9d42459b4031aa265ea9656b379bbcf0d8e344f32a3aa3a12e,NULL,valid,"2024-09-10 03:32:24","2024-09-10 03:32:24"
31,20715909,1725919331,318787222270000,b20da129ae46ae6c775beaabb6f898559b1585d5c6282081d27e13523c063d18,NULL,valid,"2024-09-10 03:32:24","2024-09-10 03:32:24"
32,20715909,1725919331,318787222270000,eab53d4630b15dc14edd1f87ddf01b80619ce2edda7d2a0f57fd6019ed29ed31,NULL,valid,"2024-09-10 03:32:24","2024-09-10 03:32:24"
33,20715909,1725919331,318787222270000,e4f80482922dc746f4aab64efafb4f683fa1135d98bd2b873a791a8a8117c852,NULL,valid,"2024-09-10 03:32:24","2024-09-10 03:32:24"
34,20715909,1725919331,318787222270000,5765fc152ff0ec5225e3e845ef009d3e91ab4a3b0b5b930a869c55ccd269160e,NULL,valid,"2024-09-10 03:32:24","2024-09-10 03:32:24"
35,20715909,1725919331,318787222270000,37097a895439dd2a5aeb1aaef9c394ab1cb27c48c9d6e0ff587833f067bc49c6,NULL,valid,"2024-09-10 03:32:24","2024-09-10 03:32:24"
36,20715909,1725919331,318787222270000,a06e6ef9d3147cb267282e106ec08510b3f9bce0f4d4ea81141363366761d110,NULL,valid,"2024-09-10 03:32:24","2024-09-10 03:32:24"
37,20715909,1725919331,318787222270000,fd7d85414145fc6014f5de8b34e7868156c15cedd1f0c5ac60efa3de3b379af3,NULL,valid,"2024-09-10 03:32:24","2024-09-10 03:32:24"
38,20715909,1725919331,318787222270000,bf896e0b8a980a403502d7c89f3a4747835d692d2ad91c65f684bc8f1583e7d1,NULL,valid,"2024-09-10 03:32:24","2024-09-10 03:32:24"
39,20715909,1725919331,318787222270000,f55759db786540e65961ce8c624c7a617a53a90433e8985bd6752a7fd44e5ac5,NULL,valid,"2024-09-10 03:32:24","2024-09-10 03:32:24"
40,20715909,1725919331,318787222270000,c1c135c193db88e3afdc127f59d35d1d39cd671de504880ecf885d323927c8cc,NULL,valid,"2024-09-10 03:32:24","2024-09-10 03:32:24"
41,20715909,1725919331,318787222270000,2ffcf4791bcb167e3690a752ebbef46aa60b802a386fd78dc27fd8c1268a6134,NULL,valid,"2024-09-10 03:32:24","2024-09-10 03:32:24"
42,20715909,1725919331,318787222270000,26ab982796797ad395b662ea169ad5a24308b32f4540e5884cacde74da922ff2,NULL,valid,"2024-09-10 03:32:24","2024-09-10 03:32:24"
43,20715909,1725919331,318787222270000,798b984040a79d423919759811e07fec3c42628bc9ae085898551463e325da38,NULL,valid,"2024-09-10 03:32:24","2024-09-10 03:32:24"
44,20715909,1725919331,318787222270000,88d6476cb5836c4e9107eda400422971ff586b6b6fc8efb7e05196260c1f0689,NULL,valid,"2024-09-10 03:32:24","2024-09-10 03:32:24"
45,20715914,1725919391,332982038950000,d3f7e17b6d4eb9b1cf8812900e07a3533627f188547891cf039de0838a13e4e3,NULL,valid,"2024-09-10 03:33:19","2024-09-10 03:33:19"
46,20715914,1725919391,332982038950000,d97329a49f53ceaea4cce23cb6c819334ecd1aa6ef0be1d5bde3afc40b0fc566,NULL,valid,"2024-09-10 03:33:19","2024-09-10 03:33:19"
47,20715914,1725919391,332982038950000,691e097de09fbc6683e049b89c64236b7eafedcb883ed73f12dfea5482f65207,NULL,valid,"2024-09-10 03:33:19","2024-09-10 03:33:19"
48,20715914,1725919391,332982038950000,070196f871b1e4261a57ff55c3579e0e1f226cc5c4d1cc4ecdf0ddf119244490,NULL,valid,"2024-09-10 03:33:19","2024-09-10 03:33:19"
49,20715914,1725919391,332982038950000,3572ec833064d9338657e31b46e7860e82c6cf1139239d06f7388ec66e2ce2d3,NULL,valid,"2024-09-10 03:33:19","2024-09-10 03:33:19"
50,20715914,1725919391,332982038950000,b1eb828d6862954376bc3bacbefe29a0ad815aa19124d48c238f82f9c9d00aa3,NULL,valid,"2024-09-10 03:33:19","2024-09-10 03:33:19"
51,20715914,1725919391,332982038950000,e9219bfac09ef027582f6412c6316478efe3a6771ce1c73e5200f2c2f2816904,NULL,valid,"2024-09-10 03:33:19","2024-09-10 03:33:19"
52,20715914,1725919391,332982038950000,51e97b2d0c279066c3a73493299ee86d24fbd40922bbfcfa4a95849613523e5a,NULL,valid,"2024-09-10 03:33:19","2024-09-10 03:33:19"
53,20715914,1725919391,332982038950000,83604c5dc45c86eb05608c091de3a63673adf3a0aa14541284a21df4728ada05,NULL,valid,"2024-09-10 03:33:19","2024-09-10 03:33:19"
54,20715914,1725919391,332982038950000,5b08a47c8aefa6d8712313a17dbb7d3d17d65ab4083838c71d91f1671033b758,NULL,valid,"2024-09-10 03:33:19","2024-09-10 03:33:19"
55,20715914,1725919391,332982038950000,e4ca30dda70a0bea173e0b77eba936709149357de44cc59bcb48140919962466,NULL,valid,"2024-09-10 03:33:19","2024-09-10 03:33:19"
56,20715914,1725919391,332982038950000,659bdee53a50b964bb3e45ba7d9afebf62a609edf8afc7442db262e0b8e8e9be,NULL,valid,"2024-09-10 03:33:19","2024-09-10 03:33:19"
57,20715914,1725919391,332982038950000,0d2f7371bc032e235aca13fb5d8d17c8834df9f9555c67c8866145a8a4d1f953,NULL,valid,"2024-09-10 03:33:19","2024-09-10 03:33:19"
58,20715914,1725919391,332982038950000,7acdf5b6aa57f135047b4f8e757808cd2b455983e23e74092d1188e1cc2e1f07,NULL,valid,"2024-09-10 03:33:19","2024-09-10 03:33:19"
59,20715914,1725919391,332982038950000,6c665a0c23e51549265c9e96f885df4f83d40eac1684cb4b6dd86a884f2016c7,NULL,valid,"2024-09-10 03:33:19","2024-09-10 03:33:19"
60,20715914,1725919391,332982038950000,4f54436eb72368866c8f1e12ee2907e12fb72361592d9d7131f0acc844685532,NULL,valid,"2024-09-10 03:33:19","2024-09-10 03:33:19"
61,20715914,1725919391,332982038950000,afe0b8f6c94899c25466fee2c43f38971f892077eb97bc9331ccc591bab37025,NULL,valid,"2024-09-10 03:33:19","2024-09-10 03:33:19"
62,20715914,1725919391,332982038950000,2d7063ee6d0cccbb8a959371803af214bd662de480a98c331e40129cd8029afc,NULL,valid,"2024-09-10 03:33:19","2024-09-10 03:33:19"
63,20715914,1725919391,332982038950000,92aa93d62a2c33cfb7ac37490f7ecaa1506462b472c0e05708f99e1cb9d7d81f,NULL,valid,"2024-09-10 03:33:19","2024-09-10 03:33:19"
64,20715914,1725919391,332982038950000,8ee8af7f5a0d91c5f97dc65922ab3b1e58d83d346a9e8ccc4950dd461a13c569,NULL,valid,"2024-09-10 03:33:19","2024-09-10 03:33:19"
65,20715914,1725919391,332982038950000,064a6a7f8bc154cccb1c015ebd5bae00e05bb390f2d2744aa15605a6c5d9efdf,NULL,valid,"2024-09-10 03:33:19","2024-09-10 03:33:19"
66,20715914,1725919391,332982038950000,f690c453407c4b0ffd9b96949d5ecbd9f80860544c88d6e81d20fb86e5fe5e75,NULL,valid,"2024-09-10 03:33:19","2024-09-10 03:33:19"
67,20715914,1725919391,332982038950000,350c9a922df5b8f6d5b67d28a269638edd8ece1dab9aa616bb316be490974606,NULL,valid,"2024-09-10 03:33:19","2024-09-10 03:33:19"
68,20715914,1725919391,332982038950000,deb8bb01fab2be236bc76df84f5cfd30b58769c5312da903ae6ab6445c83f088,NULL,valid,"2024-09-10 03:33:19","2024-09-10 03:33:19"
69,20715914,1725919391,332982038950000,ce2b4daa0c61d00029e9cbaeb75a8f84f75a0f1ece51bd2e47a7ee255389056e,NULL,valid,"2024-09-10 03:33:19","2024-09-10 03:33:19"
70,20715914,1725919391,332982038950000,859963e936add1c23a995d26b78ab885e9107dcec99f20eb8b6c9139d18559e0,NULL,valid,"2024-09-10 03:33:19","2024-09-10 03:33:19"
71,20715914,1725919391,332982038950000,71851711973731281668cac2c55e84432fb5d8272d3219152ad389b86fd2e048,NULL,valid,"2024-09-10 03:33:19","2024-09-10 03:33:19"
72,20715914,1725919391,332982038950000,0ee3eb851c7370d07ccd7703be18e41ba715e76d4792e7e053f1a1cf73312eea,NULL,valid,"2024-09-10 03:33:19","2024-09-10 03:33:19"
73,20715914,1725919391,332982038950000,6b0fb79bf6ad341a3442040c806140182ec35c60796429e027e61c6e84ed5501,NULL,valid,"2024-09-10 03:33:19","2024-09-10 03:33:19"
74,20715914,1725919391,332982038950000,6f946282701f082bb6e77fff358650f4ec5722f0011a00cb5b378aeab4da4e5b,NULL,valid,"2024-09-10 03:33:19","2024-09-10 03:33:19"
75,20715914,1725919391,332982038950000,3ff986db4a94de57cc7ab2d30507b0b2431a87f97b3324270f831ad44f04743f,NULL,valid,"2024-09-10 03:33:19","2024-09-10 03:33:19"
76,20715914,1725919391,332982038950000,328f3b4d79c3e44a8322846ade5443aeaf389f5bd7f1cf1069d76b819d2faa90,NULL,valid,"2024-09-10 03:33:19","2024-09-10 03:33:19"
77,20715914,1725919391,332982038950000,ad007a1aa29a08ce81d91a954a1910a77452eb16f05805266929bdc0f4272266,NULL,valid,"2024-09-10 03:33:19","2024-09-10 03:33:19"
78,20715914,1725919391,332982038950000,231e81161a85140b0d4b9a62cc9943cfe840d73667c5b54c72ad7d31e6d6f911,NULL,valid,"2024-09-10 03:33:20","2024-09-10 03:33:20"
79,20715914,1725919391,332982038950000,8a1a92e659da7331f8ce2a53fdd46a527edd9edd7b5024b41da2dafc51e91599,NULL,valid,"2024-09-10 03:33:20","2024-09-10 03:33:20"
80,20715914,1725919391,332982038950000,c280a71044f5a98e8d7ec61b6c230dcfbb03a01cb7cb7429516fa44954aad50f,NULL,valid,"2024-09-10 03:33:20","2024-09-10 03:33:20"
81,20715914,1725919391,332982038950000,f1216b3b59793677310eb2393cce87c935473730d98548128d0de9cd25ef030e,NULL,valid,"2024-09-10 03:33:20","2024-09-10 03:33:20"
82,20715914,1725919391,332982038950000,949481fe6289aacc1ef04e552fc83b183d69ac459245c012bb6be9795955da08,NULL,valid,"2024-09-10 03:33:20","2024-09-10 03:33:20"
83,20715914,1725919391,332982038950000,3dbb110b18ad589b6364772dd7dbd2346995d648311a87ffb3568c993e57a2a5,NULL,valid,"2024-09-10 03:33:20","2024-09-10 03:33:20"
84,20715914,1725919391,332982038950000,43ef396c53d584ecf89faa3a56f79283ba30a8d6f96eba88066b99662d9f44f7,NULL,valid,"2024-09-10 03:33:20","2024-09-10 03:33:20"
85,20715914,1725919391,332982038950000,4f5ac3b579d4754055ab56117c737ea7a2e3fb79443f7b6e971bca141a1778d7,NULL,valid,"2024-09-10 03:33:20","2024-09-10 03:33:20"
86,20715914,1725919391,332982038950000,826d51ec53796c528a7b5a4da48b0520dde0746a428627b4eab7d81d74102b6a,NULL,valid,"2024-09-10 03:33:20","2024-09-10 03:33:20"
87,20715914,1725919391,332982038950000,2f9a3897284d7da0555b19e93eafa0be938339a63583d0bba90b754b28751ddb,NULL,valid,"2024-09-10 03:33:20","2024-09-10 03:33:20"
88,20715914,1725919391,332982038950000,64074acf9c9551fca970f30d62de09624eafbc1f649fd10a18a2e301e312710f,NULL,valid,"2024-09-10 03:33:20","2024-09-10 03:33:20"
89,20715914,1725919391,332982038950000,f9767ff1b571d21970b37b89d70b2cd0518c4b7be65a364caf7c5adcfe24c56c,NULL,valid,"2024-09-10 03:33:20","2024-09-10 03:33:20"
90,20715914,1725919391,332982038950000,4587d3271eee1c48a36591722e4b26ec14653c20ccbb29f30923c2b5a71f46df,NULL,valid,"2024-09-10 03:33:20","2024-09-10 03:33:20"
91,20715914,1725919391,332982038950000,a6165bf5eb6e727906a6f22a915ba3fe944c815db8a2e3c172b343bcfedd11ca,NULL,valid,"2024-09-10 03:33:20","2024-09-10 03:33:20"
92,20715914,1725919391,332982038950000,a4d1c1c84dc5d7198fb60eb3a0debe9c4bed46e6e3029c4b23acaacdf28a3c96,NULL,valid,"2024-09-10 03:33:20","2024-09-10 03:33:20"
93,20715914,1725919391,332982038950000,8d40cc747309939818d03daa4cd516f0a61b10d11253b8d9eb830c360f3027fc,NULL,valid,"2024-09-10 03:33:20","2024-09-10 03:33:20"
94,20715914,1725919391,332982038950000,8d925282a6f6317b4ffd7f1a7bf78ec65363404d31b2b869af72c1357ef3d3f3,NULL,valid,"2024-09-10 03:33:20","2024-09-10 03:33:20"
95,20715914,1725919391,332982038950000,1231788de6b0a1362dd1793bd70f0c79a36715689773656fff8de1324106570d,NULL,valid,"2024-09-10 03:33:20","2024-09-10 03:33:20"
96,20715914,1725919391,332982038950000,64e9a013c775da6cb1265b835d4c9b33259bbe496ef5573f8ce8ce8094e22804,NULL,valid,"2024-09-10 03:33:20","2024-09-10 03:33:20"
97,20715914,1725919391,332982038950000,d3f7e17b6d4eb9b1cf8812900e07a3533627f188547891cf039de0838a13e4e3,NULL,valid,"2024-09-10 03:33:20","2024-09-10 03:33:20"
98,20715914,1725919391,332982038950000,d97329a49f53ceaea4cce23cb6c819334ecd1aa6ef0be1d5bde3afc40b0fc566,NULL,valid,"2024-09-10 03:33:20","2024-09-10 03:33:20"
99,20715914,1725919391,332982038950000,691e097de09fbc6683e049b89c64236b7eafedcb883ed73f12dfea5482f65207,NULL,valid,"2024-09-10 03:33:20","2024-09-10 03:33:20"
100,20715914,1725919391,332982038950000,070196f871b1e4261a57ff55c3579e0e1f226cc5c4d1cc4ecdf0ddf119244490,NULL,valid,"2024-09-10 03:33:20","2024-09-10 03:33:20"
101,20715914,1725919391,332982038950000,3572ec833064d9338657e31b46e7860e82c6cf1139239d06f7388ec66e2ce2d3,NULL,valid,"2024-09-10 03:33:20","2024-09-10 03:33:20"
102,20715914,1725919391,332982038950000,b1eb828d6862954376bc3bacbefe29a0ad815aa19124d48c238f82f9c9d00aa3,NULL,valid,"2024-09-10 03:33:20","2024-09-10 03:33:20"
103,20715914,1725919391,332982038950000,e9219bfac09ef027582f6412c6316478efe3a6771ce1c73e5200f2c2f2816904,NULL,valid,"2024-09-10 03:33:20","2024-09-10 03:33:20"
104,20715914,1725919391,332982038950000,51e97b2d0c279066c3a73493299ee86d24fbd40922bbfcfa4a95849613523e5a,NULL,valid,"2024-09-10 03:33:20","2024-09-10 03:33:20"
105,20715914,1725919391,332982038950000,83604c5dc45c86eb05608c091de3a63673adf3a0aa14541284a21df4728ada05,NULL,valid,"2024-09-10 03:33:20","2024-09-10 03:33:20"
106,20715914,1725919391,332982038950000,5b08a47c8aefa6d8712313a17dbb7d3d17d65ab4083838c71d91f1671033b758,NULL,valid,"2024-09-10 03:33:20","2024-09-10 03:33:20"
107,20715914,1725919391,332982038950000,e4ca30dda70a0bea173e0b77eba936709149357de44cc59bcb48140919962466,NULL,valid,"2024-09-10 03:33:20","2024-09-10 03:33:20"
108,20715914,1725919391,332982038950000,659bdee53a50b964bb3e45ba7d9afebf62a609edf8afc7442db262e0b8e8e9be,NULL,valid,"2024-09-10 03:33:20","2024-09-10 03:33:20"
109,20715914,1725919391,332982038950000,0d2f7371bc032e235aca13fb5d8d17c8834df9f9555c67c8866145a8a4d1f953,NULL,valid,"2024-09-10 03:33:20","2024-09-10 03:33:20"
110,20715914,1725919391,332982038950000,7acdf5b6aa57f135047b4f8e757808cd2b455983e23e74092d1188e1cc2e1f07,NULL,valid,"2024-09-10 03:33:20","2024-09-10 03:33:20"
111,20715914,1725919391,332982038950000,6c665a0c23e51549265c9e96f885df4f83d40eac1684cb4b6dd86a884f2016c7,NULL,valid,"2024-09-10 03:33:20","2024-09-10 03:33:20"
112,20715914,1725919391,332982038950000,4f54436eb72368866c8f1e12ee2907e12fb72361592d9d7131f0acc844685532,NULL,valid,"2024-09-10 03:33:20","2024-09-10 03:33:20"
113,20715914,1725919391,332982038950000,afe0b8f6c94899c25466fee2c43f38971f892077eb97bc9331ccc591bab37025,NULL,valid,"2024-09-10 03:33:20","2024-09-10 03:33:20"
114,20715914,1725919391,332982038950000,2d7063ee6d0cccbb8a959371803af214bd662de480a98c331e40129cd8029afc,NULL,valid,"2024-09-10 03:33:20","2024-09-10 03:33:20"
115,20715914,1725919391,332982038950000,92aa93d62a2c33cfb7ac37490f7ecaa1506462b472c0e05708f99e1cb9d7d81f,NULL,valid,"2024-09-10 03:33:20","2024-09-10 03:33:20"
116,20715914,1725919391,332982038950000,8ee8af7f5a0d91c5f97dc65922ab3b1e58d83d346a9e8ccc4950dd461a13c569,NULL,valid,"2024-09-10 03:33:20","2024-09-10 03:33:20"
117,20715914,1725919391,332982038950000,064a6a7f8bc154cccb1c015ebd5bae00e05bb390f2d2744aa15605a6c5d9efdf,NULL,valid,"2024-09-10 03:33:21","2024-09-10 03:33:21"
118,20715914,1725919391,332982038950000,f690c453407c4b0ffd9b96949d5ecbd9f80860544c88d6e81d20fb86e5fe5e75,NULL,valid,"2024-09-10 03:33:21","2024-09-10 03:33:21"
119,20715914,1725919391,332982038950000,350c9a922df5b8f6d5b67d28a269638edd8ece1dab9aa616bb316be490974606,NULL,valid,"2024-09-10 03:33:21","2024-09-10 03:33:21"
120,20715914,1725919391,332982038950000,deb8bb01fab2be236bc76df84f5cfd30b58769c5312da903ae6ab6445c83f088,NULL,valid,"2024-09-10 03:33:21","2024-09-10 03:33:21"
121,20715914,1725919391,332982038950000,ce2b4daa0c61d00029e9cbaeb75a8f84f75a0f1ece51bd2e47a7ee255389056e,NULL,valid,"2024-09-10 03:33:21","2024-09-10 03:33:21"
122,20715914,1725919391,332982038950000,859963e936add1c23a995d26b78ab885e9107dcec99f20eb8b6c9139d18559e0,NULL,valid,"2024-09-10 03:33:21","2024-09-10 03:33:21"
123,20715914,1725919391,332982038950000,71851711973731281668cac2c55e84432fb5d8272d3219152ad389b86fd2e048,NULL,valid,"2024-09-10 03:33:21","2024-09-10 03:33:21"
124,20715914,1725919391,332982038950000,0ee3eb851c7370d07ccd7703be18e41ba715e76d4792e7e053f1a1cf73312eea,NULL,valid,"2024-09-10 03:33:21","2024-09-10 03:33:21"
125,20715914,1725919391,332982038950000,6b0fb79bf6ad341a3442040c806140182ec35c60796429e027e61c6e84ed5501,NULL,valid,"2024-09-10 03:33:21","2024-09-10 03:33:21"
126,20715914,1725919391,332982038950000,6f946282701f082bb6e77fff358650f4ec5722f0011a00cb5b378aeab4da4e5b,NULL,valid,"2024-09-10 03:33:21","2024-09-10 03:33:21"
127,20715914,1725919391,332982038950000,3ff986db4a94de57cc7ab2d30507b0b2431a87f97b3324270f831ad44f04743f,NULL,valid,"2024-09-10 03:33:21","2024-09-10 03:33:21"
128,20715914,1725919391,332982038950000,328f3b4d79c3e44a8322846ade5443aeaf389f5bd7f1cf1069d76b819d2faa90,NULL,valid,"2024-09-10 03:33:21","2024-09-10 03:33:21"
129,20715914,1725919391,332982038950000,ad007a1aa29a08ce81d91a954a1910a77452eb16f05805266929bdc0f4272266,NULL,valid,"2024-09-10 03:33:21","2024-09-10 03:33:21"
130,20715914,1725919391,332982038950000,231e81161a85140b0d4b9a62cc9943cfe840d73667c5b54c72ad7d31e6d6f911,NULL,valid,"2024-09-10 03:33:21","2024-09-10 03:33:21"
131,20715914,1725919391,332982038950000,8a1a92e659da7331f8ce2a53fdd46a527edd9edd7b5024b41da2dafc51e91599,NULL,valid,"2024-09-10 03:33:21","2024-09-10 03:33:21"
132,20715914,1725919391,332982038950000,c280a71044f5a98e8d7ec61b6c230dcfbb03a01cb7cb7429516fa44954aad50f,NULL,valid,"2024-09-10 03:33:21","2024-09-10 03:33:21"
133,20715914,1725919391,332982038950000,f1216b3b59793677310eb2393cce87c935473730d98548128d0de9cd25ef030e,NULL,valid,"2024-09-10 03:33:21","2024-09-10 03:33:21"
134,20715914,1725919391,332982038950000,949481fe6289aacc1ef04e552fc83b183d69ac459245c012bb6be9795955da08,NULL,valid,"2024-09-10 03:33:21","2024-09-10 03:33:21"
135,20715914,1725919391,332982038950000,3dbb110b18ad589b6364772dd7dbd2346995d648311a87ffb3568c993e57a2a5,NULL,valid,"2024-09-10 03:33:21","2024-09-10 03:33:21"
136,20715914,1725919391,332982038950000,43ef396c53d584ecf89faa3a56f79283ba30a8d6f96eba88066b99662d9f44f7,NULL,valid,"2024-09-10 03:33:21","2024-09-10 03:33:21"
137,20715914,1725919391,332982038950000,4f5ac3b579d4754055ab56117c737ea7a2e3fb79443f7b6e971bca141a1778d7,NULL,valid,"2024-09-10 03:33:21","2024-09-10 03:33:21"
138,20715914,1725919391,332982038950000,826d51ec53796c528a7b5a4da48b0520dde0746a428627b4eab7d81d74102b6a,NULL,valid,"2024-09-10 03:33:21","2024-09-10 03:33:21"
139,20715914,1725919391,332982038950000,2f9a3897284d7da0555b19e93eafa0be938339a63583d0bba90b754b28751ddb,NULL,valid,"2024-09-10 03:33:21","2024-09-10 03:33:21"
140,20715914,1725919391,332982038950000,64074acf9c9551fca970f30d62de09624eafbc1f649fd10a18a2e301e312710f,NULL,valid,"2024-09-10 03:33:21","2024-09-10 03:33:21"
141,20715914,1725919391,332982038950000,f9767ff1b571d21970b37b89d70b2cd0518c4b7be65a364caf7c5adcfe24c56c,NULL,valid,"2024-09-10 03:33:21","2024-09-10 03:33:21"
142,20715914,1725919391,332982038950000,4587d3271eee1c48a36591722e4b26ec14653c20ccbb29f30923c2b5a71f46df,NULL,valid,"2024-09-10 03:33:21","2024-09-10 03:33:21"
143,20715914,1725919391,332982038950000,a6165bf5eb6e727906a6f22a915ba3fe944c815db8a2e3c172b343bcfedd11ca,NULL,valid,"2024-09-10 03:33:21","2024-09-10 03:33:21"
144,20715914,1725919391,332982038950000,a4d1c1c84dc5d7198fb60eb3a0debe9c4bed46e6e3029c4b23acaacdf28a3c96,NULL,valid,"2024-09-10 03:33:21","2024-09-10 03:33:21"
145,20715914,1725919391,332982038950000,8d40cc747309939818d03daa4cd516f0a61b10d11253b8d9eb830c360f3027fc,NULL,valid,"2024-09-10 03:33:21","2024-09-10 03:33:21"
146,20715914,1725919391,332982038950000,8d925282a6f6317b4ffd7f1a7bf78ec65363404d31b2b869af72c1357ef3d3f3,NULL,valid,"2024-09-10 03:33:21","2024-09-10 03:33:21"
147,20715914,1725919391,332982038950000,1231788de6b0a1362dd1793bd70f0c79a36715689773656fff8de1324106570d,NULL,valid,"2024-09-10 03:33:21","2024-09-10 03:33:21"
148,20715914,1725919391,332982038950000,64e9a013c775da6cb1265b835d4c9b33259bbe496ef5573f8ce8ce8094e22804,NULL,valid,"2024-09-10 03:33:21","2024-09-10 03:33:21"
149,20715914,1725919391,332982038950000,d3f7e17b6d4eb9b1cf8812900e07a3533627f188547891cf039de0838a13e4e3,NULL,valid,"2024-09-10 03:34:20","2024-09-10 03:34:20"
150,20715914,1725919391,332982038950000,d97329a49f53ceaea4cce23cb6c819334ecd1aa6ef0be1d5bde3afc40b0fc566,NULL,valid,"2024-09-10 03:34:20","2024-09-10 03:34:20"
151,20715914,1725919391,332982038950000,691e097de09fbc6683e049b89c64236b7eafedcb883ed73f12dfea5482f65207,NULL,valid,"2024-09-10 03:34:20","2024-09-10 03:34:20"
152,20715914,1725919391,332982038950000,070196f871b1e4261a57ff55c3579e0e1f226cc5c4d1cc4ecdf0ddf119244490,NULL,valid,"2024-09-10 03:34:20","2024-09-10 03:34:20"
153,20715914,1725919391,332982038950000,3572ec833064d9338657e31b46e7860e82c6cf1139239d06f7388ec66e2ce2d3,NULL,valid,"2024-09-10 03:34:20","2024-09-10 03:34:20"
154,20715914,1725919391,332982038950000,b1eb828d6862954376bc3bacbefe29a0ad815aa19124d48c238f82f9c9d00aa3,NULL,valid,"2024-09-10 03:34:20","2024-09-10 03:34:20"
155,20715914,1725919391,332982038950000,e9219bfac09ef027582f6412c6316478efe3a6771ce1c73e5200f2c2f2816904,NULL,valid,"2024-09-10 03:34:20","2024-09-10 03:34:20"
156,20715914,1725919391,332982038950000,51e97b2d0c279066c3a73493299ee86d24fbd40922bbfcfa4a95849613523e5a,NULL,valid,"2024-09-10 03:34:20","2024-09-10 03:34:20"
157,20715914,1725919391,332982038950000,83604c5dc45c86eb05608c091de3a63673adf3a0aa14541284a21df4728ada05,NULL,valid,"2024-09-10 03:34:20","2024-09-10 03:34:20"
158,20715914,1725919391,332982038950000,5b08a47c8aefa6d8712313a17dbb7d3d17d65ab4083838c71d91f1671033b758,NULL,valid,"2024-09-10 03:34:20","2024-09-10 03:34:20"
159,20715914,1725919391,332982038950000,e4ca30dda70a0bea173e0b77eba936709149357de44cc59bcb48140919962466,NULL,valid,"2024-09-10 03:34:20","2024-09-10 03:34:20"
160,20715914,1725919391,332982038950000,659bdee53a50b964bb3e45ba7d9afebf62a609edf8afc7442db262e0b8e8e9be,NULL,valid,"2024-09-10 03:34:20","2024-09-10 03:34:20"
161,20715914,1725919391,332982038950000,0d2f7371bc032e235aca13fb5d8d17c8834df9f9555c67c8866145a8a4d1f953,NULL,valid,"2024-09-10 03:34:20","2024-09-10 03:34:20"
162,20715914,1725919391,332982038950000,7acdf5b6aa57f135047b4f8e757808cd2b455983e23e74092d1188e1cc2e1f07,NULL,valid,"2024-09-10 03:34:20","2024-09-10 03:34:20"
163,20715914,1725919391,332982038950000,6c665a0c23e51549265c9e96f885df4f83d40eac1684cb4b6dd86a884f2016c7,NULL,valid,"2024-09-10 03:34:20","2024-09-10 03:34:20"
164,20715914,1725919391,332982038950000,4f54436eb72368866c8f1e12ee2907e12fb72361592d9d7131f0acc844685532,NULL,valid,"2024-09-10 03:34:20","2024-09-10 03:34:20"
165,20715914,1725919391,332982038950000,afe0b8f6c94899c25466fee2c43f38971f892077eb97bc9331ccc591bab37025,NULL,valid,"2024-09-10 03:34:20","2024-09-10 03:34:20"
166,20715914,1725919391,332982038950000,2d7063ee6d0cccbb8a959371803af214bd662de480a98c331e40129cd8029afc,NULL,valid,"2024-09-10 03:34:20","2024-09-10 03:34:20"
167,20715914,1725919391,332982038950000,92aa93d62a2c33cfb7ac37490f7ecaa1506462b472c0e05708f99e1cb9d7d81f,NULL,valid,"2024-09-10 03:34:20","2024-09-10 03:34:20"
168,20715914,1725919391,332982038950000,8ee8af7f5a0d91c5f97dc65922ab3b1e58d83d346a9e8ccc4950dd461a13c569,NULL,valid,"2024-09-10 03:34:20","2024-09-10 03:34:20"
169,20715914,1725919391,332982038950000,064a6a7f8bc154cccb1c015ebd5bae00e05bb390f2d2744aa15605a6c5d9efdf,NULL,valid,"2024-09-10 03:34:20","2024-09-10 03:34:20"
170,20715914,1725919391,332982038950000,f690c453407c4b0ffd9b96949d5ecbd9f80860544c88d6e81d20fb86e5fe5e75,NULL,valid,"2024-09-10 03:34:20","2024-09-10 03:34:20"
171,20715914,1725919391,332982038950000,350c9a922df5b8f6d5b67d28a269638edd8ece1dab9aa616bb316be490974606,NULL,valid,"2024-09-10 03:34:20","2024-09-10 03:34:20"
172,20715914,1725919391,332982038950000,deb8bb01fab2be236bc76df84f5cfd30b58769c5312da903ae6ab6445c83f088,NULL,valid,"2024-09-10 03:34:20","2024-09-10 03:34:20"
173,20715914,1725919391,332982038950000,ce2b4daa0c61d00029e9cbaeb75a8f84f75a0f1ece51bd2e47a7ee255389056e,NULL,valid,"2024-09-10 03:34:20","2024-09-10 03:34:20"
174,20715914,1725919391,332982038950000,859963e936add1c23a995d26b78ab885e9107dcec99f20eb8b6c9139d18559e0,NULL,valid,"2024-09-10 03:34:20","2024-09-10 03:34:20"
175,20715914,1725919391,332982038950000,71851711973731281668cac2c55e84432fb5d8272d3219152ad389b86fd2e048,NULL,valid,"2024-09-10 03:34:20","2024-09-10 03:34:20"
176,20715914,1725919391,332982038950000,0ee3eb851c7370d07ccd7703be18e41ba715e76d4792e7e053f1a1cf73312eea,NULL,valid,"2024-09-10 03:34:20","2024-09-10 03:34:20"
177,20715914,1725919391,332982038950000,6b0fb79bf6ad341a3442040c806140182ec35c60796429e027e61c6e84ed5501,NULL,valid,"2024-09-10 03:34:20","2024-09-10 03:34:20"
178,20715914,1725919391,332982038950000,6f946282701f082bb6e77fff358650f4ec5722f0011a00cb5b378aeab4da4e5b,NULL,valid,"2024-09-10 03:34:20","2024-09-10 03:34:20"
179,20715914,1725919391,332982038950000,3ff986db4a94de57cc7ab2d30507b0b2431a87f97b3324270f831ad44f04743f,NULL,valid,"2024-09-10 03:34:20","2024-09-10 03:34:20"
180,20715914,1725919391,332982038950000,328f3b4d79c3e44a8322846ade5443aeaf389f5bd7f1cf1069d76b819d2faa90,NULL,valid,"2024-09-10 03:34:20","2024-09-10 03:34:20"
181,20715914,1725919391,332982038950000,ad007a1aa29a08ce81d91a954a1910a77452eb16f05805266929bdc0f4272266,NULL,valid,"2024-09-10 03:34:20","2024-09-10 03:34:20"
182,20715914,1725919391,332982038950000,231e81161a85140b0d4b9a62cc9943cfe840d73667c5b54c72ad7d31e6d6f911,NULL,valid,"2024-09-10 03:34:20","2024-09-10 03:34:20"
183,20715914,1725919391,332982038950000,8a1a92e659da7331f8ce2a53fdd46a527edd9edd7b5024b41da2dafc51e91599,NULL,valid,"2024-09-10 03:34:20","2024-09-10 03:34:20"
184,20715914,1725919391,332982038950000,c280a71044f5a98e8d7ec61b6c230dcfbb03a01cb7cb7429516fa44954aad50f,NULL,valid,"2024-09-10 03:34:20","2024-09-10 03:34:20"
185,20715914,1725919391,332982038950000,f1216b3b59793677310eb2393cce87c935473730d98548128d0de9cd25ef030e,NULL,valid,"2024-09-10 03:34:20","2024-09-10 03:34:20"
186,20715914,1725919391,332982038950000,949481fe6289aacc1ef04e552fc83b183d69ac459245c012bb6be9795955da08,NULL,valid,"2024-09-10 03:34:20","2024-09-10 03:34:20"
187,20715914,1725919391,332982038950000,3dbb110b18ad589b6364772dd7dbd2346995d648311a87ffb3568c993e57a2a5,NULL,valid,"2024-09-10 03:34:20","2024-09-10 03:34:20"
188,20715914,1725919391,332982038950000,43ef396c53d584ecf89faa3a56f79283ba30a8d6f96eba88066b99662d9f44f7,NULL,valid,"2024-09-10 03:34:20","2024-09-10 03:34:20"
189,20715914,1725919391,332982038950000,4f5ac3b579d4754055ab56117c737ea7a2e3fb79443f7b6e971bca141a1778d7,NULL,valid,"2024-09-10 03:34:20","2024-09-10 03:34:20"
190,20715914,1725919391,332982038950000,826d51ec53796c528a7b5a4da48b0520dde0746a428627b4eab7d81d74102b6a,NULL,valid,"2024-09-10 03:34:20","2024-09-10 03:34:20"
191,20715914,1725919391,332982038950000,2f9a3897284d7da0555b19e93eafa0be938339a63583d0bba90b754b28751ddb,NULL,valid,"2024-09-10 03:34:20","2024-09-10 03:34:20"
192,20715914,1725919391,332982038950000,64074acf9c9551fca970f30d62de09624eafbc1f649fd10a18a2e301e312710f,NULL,valid,"2024-09-10 03:34:20","2024-09-10 03:34:20"
193,20715914,1725919391,332982038950000,f9767ff1b571d21970b37b89d70b2cd0518c4b7be65a364caf7c5adcfe24c56c,NULL,valid,"2024-09-10 03:34:20","2024-09-10 03:34:20"
194,20715914,1725919391,332982038950000,4587d3271eee1c48a36591722e4b26ec14653c20ccbb29f30923c2b5a71f46df,NULL,valid,"2024-09-10 03:34:20","2024-09-10 03:34:20"
195,20715914,1725919391,332982038950000,a6165bf5eb6e727906a6f22a915ba3fe944c815db8a2e3c172b343bcfedd11ca,NULL,valid,"2024-09-10 03:34:20","2024-09-10 03:34:20"
196,20715914,1725919391,332982038950000,a4d1c1c84dc5d7198fb60eb3a0debe9c4bed46e6e3029c4b23acaacdf28a3c96,NULL,valid,"2024-09-10 03:34:20","2024-09-10 03:34:20"
197,20715914,1725919391,332982038950000,8d40cc747309939818d03daa4cd516f0a61b10d11253b8d9eb830c360f3027fc,NULL,valid,"2024-09-10 03:34:20","2024-09-10 03:34:20"
198,20715914,1725919391,332982038950000,8d925282a6f6317b4ffd7f1a7bf78ec65363404d31b2b869af72c1357ef3d3f3,NULL,valid,"2024-09-10 03:34:20","2024-09-10 03:34:20"
199,20715914,1725919391,332982038950000,1231788de6b0a1362dd1793bd70f0c79a36715689773656fff8de1324106570d,NULL,valid,"2024-09-10 03:34:20","2024-09-10 03:34:20"
200,20715914,1725919391,332982038950000,64e9a013c775da6cb1265b835d4c9b33259bbe496ef5573f8ce8ce8094e22804,NULL,valid,"2024-09-10 03:34:20","2024-09-10 03:34:20"
201,20716277,1725923759,788962652750000,24ad2d67e06a4665f1b251267ed88fee42b437274d952296db9372dff21317d2,NULL,valid,"2024-09-10 04:55:30","2024-09-10 04:55:30"
202,20716280,1725923795,808282497000000,59891c5ba7b598633f0bd0572b74aa9743ea0f69851965e78957a0e3722773e7,NULL,valid,"2024-09-10 04:55:32","2024-09-10 04:55:32"
203,20716281,1725923807,802192272500000,aa09652124829ef31d9522375426dadb051a71ef604a831a6df76eeaf51ec58a,NULL,valid,"2024-09-10 04:55:33","2024-09-10 04:55:33"
204,20716283,1725923831,788254021750000,ba9b7b7ad2459c6ca7a6dcb21210de391a4c0293f71baab2f33e534704578edb,NULL,valid,"2024-09-10 04:55:34","2024-09-10 04:55:34"
205,20716327,1725924359,1128321727217748,044dc4871830e33904981100f571fae84e8d76c2a72b7600d38844552c2dfafa,NULL,valid,"2024-09-10 04:56:16","2024-09-10 04:56:16"
206,20716327,1725924359,1128321727217748,044dc4871830e33904981100f571fae84e8d76c2a72b7600d38844552c2dfafa,NULL,valid,"2024-09-10 04:56:27","2024-09-10 04:56:27"
207,20719070,1725957491,9750000000000000,928985a05d5d41ed26e3bed5af82a8eeedd45854d783d6a06534d5437b4c6c56,NULL,valid,"2024-09-10 14:10:18","2024-09-10 14:10:18"
208,20719075,1725957551,9750000000000000,91b84e5f4607d72bc556e54cd39b0bf9f239491ab38aeb41c6444accae1172d9,NULL,valid,"2024-09-10 14:10:25","2024-09-10 14:10:25"
209,20719080,1725957611,9750000000000000,90ce155b6d36951ad844579485b8fb5e367cf701bb1476d52f7943f79eb5b4eb,NULL,valid,"2024-09-10 14:10:29","2024-09-10 14:10:29"
210,20716574,1725927335,301414877735744,027db07198730d7db31a1555ceb70e2f53e8d23c58bd5b7e958d70b291e63717,NULL,valid,"2024-09-10 14:11:02","2024-09-10 14:11:02"
211,20716874,1725930959,698335530250000,938909b0c0028340bc4947f43aab92fb9848e0afa4946c1b8f1cc9c17dd689fd,NULL,valid,"2024-09-10 14:13:41","2024-09-10 14:13:41"
212,20716876,1725930983,681751518750000,08a0bcbe34ad03fcbd1683847625e2921921cb2553a4617fb2f6b6f5dfbb953d,NULL,valid,"2024-09-10 14:13:42","2024-09-10 14:13:42"
213,20716878,1725931007,677375450250000,1a0c2de2bbbbc9f5676ef2568ed15239a71bf4c1e73d440ba53a5a7b897cc3f2,NULL,valid,"2024-09-10 14:13:43","2024-09-10 14:13:43"
214,20716879,1725931019,664122434500000,5b9a32e89f8609fde4829090c7057c96f1f6291bd005c2ca0a24f55428dc314b,NULL,valid,"2024-09-10 14:13:44","2024-09-10 14:13:44"
215,20716882,1725931055,694267807500000,c0263e6635ac6b16f141735ac0d3f0f4bd1e15ebeb0acde5dc2f0a56d1217467,NULL,valid,"2024-09-10 14:13:45","2024-09-10 14:13:45"
216,20716883,1725931067,671602430250000,8febd964da4e0b7ba3e2faa66b7de35f13f3b7892cadc6f17a40919aa4f4a859,NULL,valid,"2024-09-10 14:13:46","2024-09-10 14:13:46"
217,20716974,1725932171,414220848600000,3ec59f8c3017685c2426ac1f1991c91eca38a7e84fc3c59fdd8f819cf2784ed6,NULL,valid,"2024-09-10 14:14:36","2024-09-10 14:14:36"
218,20719095,1725957791,9750000000000000,aec99a31cea9ddf630ed959583844a877d6748ff33f72f10e25a8a83870f959b,NULL,valid,"2024-09-10 14:15:01","2024-09-10 14:15:01"
219,20719100,1725957851,9750000000000000,a63586acc7c72263d2ad73f7e40ad3229e6fedf107299c6dc9349a40199138ed,NULL,valid,"2024-09-10 14:15:07","2024-09-10 14:15:07"
220,20719085,1725957671,9750000000000000,a2c59939dbafee7b9a889ace511af5bc5da17cadf1c3d3397b5030bf27688545,NULL,valid,"2024-09-10 14:15:12","2024-09-10 14:15:12"
221,20719090,1725957731,9750000000000000,5f1cf154a1f989c5f649662bc51b2cb6ff97cb33f36bf82a587c77acb9ed4e6a,NULL,valid,"2024-09-10 14:15:15","2024-09-10 14:15:15"
222,20719095,1725957791,9750000000000000,aec99a31cea9ddf630ed959583844a877d6748ff33f72f10e25a8a83870f959b,NULL,valid,"2024-09-10 14:15:17","2024-09-10 14:15:17"
223,20719100,1725957851,9750000000000000,a63586acc7c72263d2ad73f7e40ad3229e6fedf107299c6dc9349a40199138ed,NULL,valid,"2024-09-10 14:15:20","2024-09-10 14:15:20"
224,20719105,1725957911,9750000000000000,64ab9b4e4c6ea34a1a5418adec1cf78d08786ed74b654c92f8f87110f9567eca,NULL,valid,"2024-09-10 14:15:40","2024-09-10 14:15:40"
225,20719105,1725957911,9750000000000000,64ab9b4e4c6ea34a1a5418adec1cf78d08786ed74b654c92f8f87110f9567eca,NULL,valid,"2024-09-10 14:15:44","2024-09-10 14:15:44"
226,20719210,1725959171,9750000000000000,fc58aa6874614484a92e3d9e0e594632009da3930092f23c3c322c2d53106460,NULL,valid,"2024-09-10 14:37:54","2024-09-10 14:37:54"
227,20719215,1725959231,9750000000000000,193e28b53b08a0a974dac88e5481a1539dd596e98a8555284351d253696b2e15,NULL,valid,"2024-09-10 14:38:00","2024-09-10 14:38:00"
228,20719110,1725957971,9750000000000000,0820e007199abe36018b7d242a8bc4cb32273cc4efd77fafb77116d21cc58021,NULL,valid,"2024-09-10 14:38:04","2024-09-10 14:38:04"
229,20719115,1725958031,9750000000000000,dccaca2556cb3a3fcf9c11f1adc373f3b5b6149addfa40636b131b2c8c6d8f1c,NULL,valid,"2024-09-10 14:38:07","2024-09-10 14:38:07"
230,20719120,1725958091,9750000000000000,5832cccc555f53f97cec79f7320d4e6baf0dca39044de2f0000674cf52a2d5df,NULL,valid,"2024-09-10 14:38:10","2024-09-10 14:38:10"
231,20719125,1725958151,9750000000000000,cd7fc003da51f2e40cfafb2147d00d746a6198636204340b1ad9ac27635ee652,NULL,valid,"2024-09-10 14:38:12","2024-09-10 14:38:12"
232,20719130,1725958211,9750000000000000,9781c7ccf34f78809492accaca7344fe99f65ee0d2148e0422219fc1207f5f57,NULL,valid,"2024-09-10 14:38:15","2024-09-10 14:38:15"
233,20719230,1725959411,9750000000000000,d64820079fa0fe1b3b6e352190b6f1cd3c5e2a31c1035e19305aca9e46c2a144,NULL,valid,"2024-09-10 14:41:59","2024-09-10 14:41:59"
234,20719235,1725959471,9750000000000000,6074b0271d56dc709ff86db85e149e5c379e81e62b51140b8cbfafdd04540649,NULL,valid,"2024-09-10 14:42:04","2024-09-10 14:42:04"
235,20719220,1725959291,9750000000000000,2c3c30c44a3b13d57a41f8d4f4908a12d90516335f9a278a76eaecc7b20fa385,NULL,valid,"2024-09-10 14:42:09","2024-09-10 14:42:09"
236,20719240,1725959531,9750000000000000,e2d753c26ddd6966e5c6f4069d6d3314841b05f415bf786982dd4155735b76b3,NULL,valid,"2024-09-10 14:43:08","2024-09-10 14:43:08"
237,20719240,1725959531,9750000000000000,e2d753c26ddd6966e5c6f4069d6d3314841b05f415bf786982dd4155735b76b3,NULL,valid,"2024-09-10 14:43:12","2024-09-10 14:43:12"
238,20719314,1725960431,9750000000000000,2f3b773c8d5adb504ce5a93d040c54c27646b3b521fb000c8ea9f3351fd4cfb8,NULL,valid,"2024-09-10 14:58:41","2024-09-10 14:58:41"
239,20719319,1725960491,9750000000000000,0f69b88290b0d47a4537a921c81b678e3818cefa94129f61daa1e72907130904,NULL,valid,"2024-09-10 14:58:45","2024-09-10 14:58:45"
240,20719245,1725959591,9750000000000000,57335a238f5f89398e05f6f58f26b4c93741cfba3b844ad3263b4888dbed67f0,NULL,valid,"2024-09-10 14:58:48","2024-09-10 14:58:48"
241,20719250,1725959651,9750000000000000,ca4714811166036dd3d6dd6a515b74433c54a3990b0abda813dabb58e233c168,NULL,valid,"2024-09-10 14:58:50","2024-09-10 14:58:50"
242,20719255,1725959711,9750000000000000,c198fb9ca12d70bb8d4cd0176f76ed59881711dab7c92721a8c7bd8d50c4e32e,NULL,valid,"2024-09-10 14:58:54","2024-09-10 14:58:54"
243,20719260,1725959771,9750000000000000,4eabe4af0e0f839ba3ec501b2e24e58a73be3f13462645122fdda66b09b234f7,NULL,valid,"2024-09-10 14:58:57","2024-09-10 14:58:57"
244,20719265,1725959831,9750000000000000,9939485b4e70bcb04b507d9cd98bff543c5b9895853a22fdf4b1a31178c41b7f,NULL,valid,"2024-09-10 14:59:00","2024-09-10 14:59:00"
245,20719270,1725959891,9750000000000000,44325e7fc1176c1f9f84e26d2fde4b0fa869595f4ecd406c85ae247a4dd421c4,NULL,valid,"2024-09-10 14:59:03","2024-09-10 14:59:03"
246,20719275,1725959951,9750000000000000,8af2577e1a2190ec05e30da533801609c56714da479d53db9208b8781c1210f5,NULL,valid,"2024-09-10 14:59:06","2024-09-10 14:59:06"
247,20719280,1725960011,9750000000000000,9ec357db3e9ae59a4c505c6c26ee3a836bb0868751f39ef93a088a0764597b4d,NULL,valid,"2024-09-10 14:59:08","2024-09-10 14:59:08"
248,20719285,1725960071,9750000000000000,410b08f69453bc6f14a10cf22792975230581f08fdf5721d14024f1fe51c851f,NULL,valid,"2024-09-10 14:59:11","2024-09-10 14:59:11"
249,20719289,1725960131,9750000000000000,73d31c4882f69a3291aa93fb19952d83bbf3bb2f4983ae01243d600e7f88c462,NULL,valid,"2024-09-10 14:59:13","2024-09-10 14:59:13"
250,20719294,1725960191,9750000000000000,439e2b75115fa4ef0d36656b9e48df339c1b54afc190a8529cca39601c60b652,NULL,valid,"2024-09-10 14:59:16","2024-09-10 14:59:16"
251,20719299,1725960251,9750000000000000,0608cad90f6790d33ff870100bc6af0bf3cb5681b83717d44abc2c903a8eb694,NULL,valid,"2024-09-10 14:59:18","2024-09-10 14:59:18"
252,20719304,1725960311,9750000000000000,b5481368a4c5e6386264dac567bd1fa12778b77f189e2a662bcbc2a10be956ec,NULL,valid,"2024-09-10 14:59:21","2024-09-10 14:59:21"
253,20719309,1725960371,9750000000000000,bac9ee69d7d6f1a6252103de6dd1f5375a367411d9989122e55968ecd888801d,NULL,valid,"2024-09-10 14:59:24","2024-09-10 14:59:24"
254,20719314,1725960431,9750000000000000,2f3b773c8d5adb504ce5a93d040c54c27646b3b521fb000c8ea9f3351fd4cfb8,NULL,valid,"2024-09-10 14:59:26","2024-09-10 14:59:26"
255,20719319,1725960491,9750000000000000,0f69b88290b0d47a4537a921c81b678e3818cefa94129f61daa1e72907130904,NULL,valid,"2024-09-10 14:59:29","2024-09-10 14:59:29"
256,20719324,1725960551,9750000000000000,d1ceae10d835325f53a6a2e4ea5713548ccc4de804393a14deefff8064ce5e33,NULL,valid,"2024-09-10 14:59:49","2024-09-10 14:59:49"
257,20719324,1725960551,9750000000000000,d1ceae10d835325f53a6a2e4ea5713548ccc4de804393a14deefff8064ce5e33,NULL,valid,"2024-09-10 14:59:54","2024-09-10 14:59:54"
258,20719329,1725960611,9750000000000000,2facbf94d295bd9600663a8762b1d7d8aad0a99f16bf718731f4b77ad6a5d97b,NULL,valid,"2024-09-10 15:00:14","2024-09-10 15:00:14"
259,20719329,1725960611,9750000000000000,2facbf94d295bd9600663a8762b1d7d8aad0a99f16bf718731f4b77ad6a5d97b,NULL,valid,"2024-09-10 15:00:15","2024-09-10 15:00:15"
260,20719329,1725960611,9750000000000000,2facbf94d295bd9600663a8762b1d7d8aad0a99f16bf718731f4b77ad6a5d97b,NULL,valid,"2024-09-10 15:01:08","2024-09-10 15:01:08"
261,20719334,1725960671,9750000000000000,8b7260183c23f2b4787963af0e06acfe65e8e4a1da59b8f9b9dd9375eeb98350,NULL,valid,"2024-09-10 15:01:31","2024-09-10 15:01:31"
262,20719334,1725960671,9750000000000000,8b7260183c23f2b4787963af0e06acfe65e8e4a1da59b8f9b9dd9375eeb98350,NULL,valid,"2024-09-10 15:01:32","2024-09-10 15:01:32"
263,20719339,1725960731,9750000000000000,7cb2a12146c50e1c11ca8c09271fe70b2e37fe1f4267cd39ae435d279c9425cb,NULL,valid,"2024-09-10 15:09:05","2024-09-10 15:09:05"
264,20719344,1725960791,9750000000000000,42868abf0be34eaeef19d489507a24e334f9fd99ea66278d926fd7f477614fd4,NULL,valid,"2024-09-10 15:09:07","2024-09-10 15:09:07"
265,20719349,1725960851,9750000000000000,233d1534b2ca208c1833a3104ae02a70c3b884b444c2db9fd859ea777247913e,NULL,valid,"2024-09-10 15:09:10","2024-09-10 15:09:10"
266,20719354,1725960911,9750000000000000,63f3aa74569acae531ad721ad6c948b61c547dc8f1de585c9808d53ef5f27cf8,NULL,valid,"2024-09-10 15:09:13","2024-09-10 15:09:13"
267,20719359,1725960971,9750000000000000,4b32a28693cc8435d97bb85073698c07372022a8b7be5e43e79c4fdf1e8d9082,NULL,valid,"2024-09-10 15:09:16","2024-09-10 15:09:16"
268,20719389,1725961331,9750000000000000,657da8dc52159c0ed10859b5538680aa95cb4af21551ff857834757f43c7d7ec,NULL,valid,"2024-09-10 15:12:14","2024-09-10 15:12:14"
269,20719389,1725961331,9750000000000000,657da8dc52159c0ed10859b5538680aa95cb4af21551ff857834757f43c7d7ec,NULL,valid,"2024-09-10 15:12:15","2024-09-10 15:12:15"
270,20719401,1725961475,221476330819800,9ad00ac37f4f5ca162c1512428437cbe33918252846844b056b8fe5eb0d372d7,NULL,valid,"2024-09-10 15:15:02","2024-09-10 15:15:02"
271,20719401,1725961475,221476330819800,9ad00ac37f4f5ca162c1512428437cbe33918252846844b056b8fe5eb0d372d7,NULL,valid,"2024-09-10 15:15:05","2024-09-10 15:15:05"
272,20719574,1725963551,14137500000000000,aab1316526e2fd3d94aeb26f44d9e8dfcce22ebacd057ee98962c0772293b13e,NULL,valid,"2024-09-10 15:50:42","2024-09-10 15:50:42"
273,20719579,1725963611,14839500000000000,8cf7e5d9586b7c42220a51bee79d7791d5f9a8e7017bdb033fbf73baaf5f5951,NULL,valid,"2024-09-10 15:50:47","2024-09-10 15:50:47"
274,20719419,1725961691,9750000000000000,d6a62b61f11ce8931ac701bf14e486b355c185c684ab870a35cb505a617e5c3b,NULL,valid,"2024-09-10 15:50:59","2024-09-10 15:50:59"
275,20719424,1725961751,9750000000000000,ec4c82a3b7dd52ffca143f6b2a4c5426d32bb2685871aa227f5c6b1b05dbda8b,NULL,valid,"2024-09-10 15:51:02","2024-09-10 15:51:02"
276,20719429,1725961811,9750000000000000,378ef56b83e6a3b0609b2581f2b2fa15792a4932f1fc5ffae120d4ce4d98d200,NULL,valid,"2024-09-10 15:51:05","2024-09-10 15:51:05"
277,20719434,1725961871,9750000000000000,04003d1fac7e9426bba442ec53d0e83590841c2b60368995e3f1e6e001652872,NULL,valid,"2024-09-10 15:51:09","2024-09-10 15:51:09"
278,20719439,1725961931,9750000000000000,0e989e3d794160203804174a2fcba86fa59fe820f0464c18ae93753e5ccdfb65,NULL,valid,"2024-09-10 15:51:13","2024-09-10 15:51:13"
279,20719444,1725961991,9750000000000000,009402157371a4ef04f1ee59a6d9966ceb4c6234fe9b4dbf724b7a8e0498d992,NULL,valid,"2024-09-10 15:51:16","2024-09-10 15:51:16"
280,20719449,1725962051,9750000000000000,83ac7909a4f6a3ea4bf88f97f7ecd3300977d2f15846967edd68edf90db3cbfe,NULL,valid,"2024-09-10 15:51:20","2024-09-10 15:51:20"
281,20719454,1725962111,9750000000000000,5564746b452670d0849940938a563073d409acbceaaacb2af475fec108592996,NULL,valid,"2024-09-10 15:51:23","2024-09-10 15:51:23"
282,20719459,1725962171,9750000000000000,d95749212d81b445a111fad61a7271364aa49b4e2fb442b349f7b99c58c49fca,NULL,valid,"2024-09-10 15:51:27","2024-09-10 15:51:27"
283,20719464,1725962231,9750000000000000,b5d41e51c336187a7391ce567adcf13309efc875f47a6f1221d25c39b8a556a8,NULL,valid,"2024-09-10 15:51:30","2024-09-10 15:51:30"
284,20719469,1725962291,9750000000000000,92e22ea3245522eb4c2f081f853522cafd5c4459301d505981d3fba6830c9a95,NULL,valid,"2024-09-10 15:51:35","2024-09-10 15:51:35"
285,20719584,1725963671,13650000000000000,a4661f66e83f9f7b0f346809232f0a78b51920ac28c6478f6130252a0c387bd7,NULL,valid,"2024-09-10 16:09:06","2024-09-10 16:09:06"
286,20719589,1725963731,15736500000000000,5da78d621791d9059cbfc3f5b7e373667f1fd1039671b97fae685242fe9e628a,NULL,valid,"2024-09-10 16:09:09","2024-09-10 16:09:09"
287,20719594,1725963791,15931500000000000,c0797ce59fcfb4317ea99c0a02936eec9de2a32753cf776e52b3c3052c1f5ca0,NULL,valid,"2024-09-10 16:09:13","2024-09-10 16:09:13"
288,20719599,1725963851,19500000000000000,225207b39e06efa3fe293c6500d885d5cbef73463ed25d1222c03693c9374aea,NULL,valid,"2024-09-10 16:09:16","2024-09-10 16:09:16"
289,20719604,1725963911,20865000000000000,46583995af62b1dceaf31b5e4a872f9846d28ec49a3b0b07714f127c2d8ca8bf,NULL,valid,"2024-09-10 16:09:20","2024-09-10 16:09:20"
290,20719609,1725963971,22912500000000000,68c545328d403c4c18d60196b8f7975d574366c9d3784cb79dc135548023b04f,NULL,valid,"2024-09-10 16:09:23","2024-09-10 16:09:23"
291,20719614,1725964031,27963000000000000,d011b0cf1cb2b479cde7c51f0035cbc6bc75d85623039b95f4c902aff38a9dc1,NULL,valid,"2024-09-10 16:09:27","2024-09-10 16:09:27"
292,20719619,1725964091,27319500000000000,becdcf698e9eede371e1ad7229f5879584e9f75e7dc3143c0bb15d9e9a117742,NULL,valid,"2024-09-10 16:09:30","2024-09-10 16:09:30"
293,20719624,1725964151,29854500000000000,17c2b0f7a43b4a7d2eb868a9c1716dceb26b196162cffd627c867993fe684876,NULL,valid,"2024-09-10 16:09:33","2024-09-10 16:09:33"
294,20719629,1725964211,33618000000000000,90f16040c47db959f2691e30a4dab81c3113a5fda2af28b422f8285a06906f26,NULL,valid,"2024-09-10 16:09:37","2024-09-10 16:09:37"
295,20719634,1725964271,38473500000000000,86c33196c3d8cfbae837e1b311acd39394f17f64dc052058f95d60516b8f5123,NULL,valid,"2024-09-10 16:09:40","2024-09-10 16:09:40"
296,20719639,1725964331,40950000000000000,69e69837246fb870f095c699e2d4c9ccfe96493fe2a9dcd9ee70bfba0f19249b,NULL,valid,"2024-09-10 16:09:43","2024-09-10 16:09:43"
297,20719644,1725964391,40930500000000000,edee757dd5580492b8f3a1ff68f150cbad373e4e984527449716c14ced7c9f99,NULL,valid,"2024-09-10 16:09:47","2024-09-10 16:09:47"
298,20719681,1725964835,2120303031420933,3ec77299675bdc1d2b4397cf75c2374ab65d8c93c39470b8e6c78744cf08de85,NULL,valid,"2024-09-10 16:10:57","2024-09-10 16:10:57"
299,20719681,1725964835,2120303031420933,3ec77299675bdc1d2b4397cf75c2374ab65d8c93c39470b8e6c78744cf08de85,NULL,valid,"2024-09-10 16:10:59","2024-09-10 16:10:59"
300,20720585,1725975827,1046306213944782,5711cb3fcdeef733937e6a178c53aebaeefcf13e9b87a0151c5f32670221dffe,NULL,valid,"2024-09-10 22:22:07","2024-09-10 22:22:07"
301,20720593,1725975923,1150366264027389,c85abeddb4a8c62175ba7aadab542f95e1c0ac22b74efb1eed2f33e0979158fa,NULL,valid,"2024-09-10 22:22:14","2024-09-10 22:22:14"
