block_number,processed_timestamp
20715404,"2024-09-10 02:11:13"
20715405,"2024-09-10 02:11:13"
20715406,"2024-09-10 02:11:14"
20715407,"2024-09-10 02:11:15"
20715408,"2024-09-10 02:11:15"
20715409,"2024-09-10 02:11:16"
20715410,"2024-09-10 02:11:16"
20715411,"2024-09-10 02:11:17"
20715412,"2024-09-10 02:11:17"
20715413,"2024-09-10 02:11:18"
20715414,"2024-09-10 02:11:18"
20715415,"2024-09-10 02:11:19"
20715416,"2024-09-10 02:11:19"
20715417,"2024-09-10 02:11:20"
20715418,"2024-09-10 02:11:21"
20715419,"2024-09-10 02:11:21"
20715420,"2024-09-10 02:11:22"
20715421,"2024-09-10 02:11:22"
20715422,"2024-09-10 02:11:23"
20715423,"2024-09-10 02:11:24"
20715424,"2024-09-10 02:11:24"
20715425,"2024-09-10 02:11:25"
20715426,"2024-09-10 02:11:26"
20715427,"2024-09-10 02:11:26"
20715428,"2024-09-10 02:11:27"
20715429,"2024-09-10 02:11:27"
20715430,"2024-09-10 02:11:28"
20715431,"2024-09-10 02:11:29"
20715432,"2024-09-10 02:11:29"
20715433,"2024-09-10 02:11:30"
20715434,"2024-09-10 02:11:31"
20715435,"2024-09-10 02:11:31"
20715436,"2024-09-10 02:11:32"
20715437,"2024-09-10 02:11:33"
20715438,"2024-09-10 02:11:33"
20715439,"2024-09-10 02:11:34"
20715440,"2024-09-10 02:11:35"
20715441,"2024-09-10 02:11:35"
20715442,"2024-09-10 02:11:36"
20715443,"2024-09-10 02:11:36"
20715444,"2024-09-10 02:11:37"
20715445,"2024-09-10 02:11:37"
20715446,"2024-09-10 02:11:38"
20715447,"2024-09-10 02:11:39"
20715448,"2024-09-10 02:11:40"
20715449,"2024-09-10 02:11:41"
20715450,"2024-09-10 02:11:42"
20715451,"2024-09-10 02:11:43"
20715452,"2024-09-10 02:11:43"
20715453,"2024-09-10 02:11:44"
20715454,"2024-09-10 02:11:44"
20715455,"2024-09-10 02:11:45"
20715456,"2024-09-10 02:11:45"
20715457,"2024-09-10 02:11:47"
20715458,"2024-09-10 02:11:48"
20715459,"2024-09-10 02:11:48"
20715460,"2024-09-10 02:11:49"
20715461,"2024-09-10 02:11:49"
20715462,"2024-09-10 02:11:50"
20715463,"2024-09-10 02:11:51"
20715464,"2024-09-10 02:11:51"
20715465,"2024-09-10 02:11:52"
20715466,"2024-09-10 02:11:53"
20715467,"2024-09-10 02:11:54"
20715468,"2024-09-10 02:11:54"
20715469,"2024-09-10 02:11:55"
20715470,"2024-09-10 02:11:55"
20715471,"2024-09-10 02:11:56"
20715472,"2024-09-10 02:11:57"
20715473,"2024-09-10 02:11:57"
20715474,"2024-09-10 02:11:58"
20715475,"2024-09-10 02:11:58"
20715476,"2024-09-10 02:11:59"
20715477,"2024-09-10 02:12:00"
20715478,"2024-09-10 02:12:00"
20715479,"2024-09-10 02:12:01"
20715480,"2024-09-10 02:12:01"
20715481,"2024-09-10 02:12:02"
20715482,"2024-09-10 02:12:02"
20715483,"2024-09-10 02:12:03"
20715484,"2024-09-10 02:12:04"
20715485,"2024-09-10 02:12:05"
20715486,"2024-09-10 02:12:06"
20715487,"2024-09-10 02:12:06"
20715488,"2024-09-10 02:12:07"
20715489,"2024-09-10 02:12:07"
20715490,"2024-09-10 02:12:08"
20715491,"2024-09-10 02:12:09"
20715492,"2024-09-10 02:12:09"
20715493,"2024-09-10 02:12:10"
20715494,"2024-09-10 02:12:10"
20715495,"2024-09-10 02:12:11"
20715496,"2024-09-10 02:12:12"
20715497,"2024-09-10 02:12:12"
20715498,"2024-09-10 02:12:13"
20715499,"2024-09-10 02:12:13"
20715500,"2024-09-10 02:12:14"
20715501,"2024-09-10 02:12:15"
20715502,"2024-09-10 02:12:16"
20715503,"2024-09-10 02:12:33"
20715504,"2024-09-10 02:12:40"
20715505,"2024-09-10 02:12:41"
20715506,"2024-09-10 02:12:41"
20715507,"2024-09-10 02:12:42"
20715508,"2024-09-10 02:12:42"
20715509,"2024-09-10 02:12:43"
20715510,"2024-09-10 02:13:01"
20715511,"2024-09-10 02:13:04"
20715512,"2024-09-10 02:13:05"
20715513,"2024-09-10 02:13:22"
20715514,"2024-09-10 02:13:40"
20715515,"2024-09-10 02:13:43"
20715516,"2024-09-10 02:14:00"
20715517,"2024-09-10 02:14:03"
20715518,"2024-09-10 02:14:20"
20715519,"2024-09-10 02:14:38"
20715520,"2024-09-10 02:14:41"
20715521,"2024-09-10 02:14:59"
20715522,"2024-09-10 02:15:01"
20715523,"2024-09-10 02:15:18"
20715524,"2024-09-10 02:15:37"
20715525,"2024-09-10 02:15:39"
20715526,"2024-09-10 02:15:56"
20715527,"2024-09-10 02:16:14"
20715528,"2024-09-10 02:16:17"
20715529,"2024-09-10 02:16:34"
20715530,"2024-09-10 02:16:37"
20715531,"2024-09-10 02:16:53"
20715532,"2024-09-10 02:17:11"
20715533,"2024-09-10 02:17:15"
20715534,"2024-09-10 02:17:32"
20715535,"2024-09-10 02:17:50"
20715536,"2024-09-10 02:17:55"
20715537,"2024-09-10 02:18:12"
20715538,"2024-09-10 02:18:15"
20715539,"2024-09-10 02:18:32"
20715540,"2024-09-10 02:18:50"
20715541,"2024-09-10 02:18:52"
20715542,"2024-09-10 02:18:53"
20715543,"2024-09-10 02:30:11"
20715544,"2024-09-10 02:30:12"
20715545,"2024-09-10 02:30:12"
20715546,"2024-09-10 02:30:13"
20715547,"2024-09-10 02:30:13"
20715548,"2024-09-10 02:30:14"
20715549,"2024-09-10 02:30:15"
20715550,"2024-09-10 02:30:15"
20715551,"2024-09-10 02:30:16"
20715552,"2024-09-10 02:30:17"
20715553,"2024-09-10 02:30:17"
20715554,"2024-09-10 02:30:18"
20715555,"2024-09-10 02:30:18"
20715556,"2024-09-10 02:30:19"
20715557,"2024-09-10 02:30:19"
20715558,"2024-09-10 02:30:20"
20715559,"2024-09-10 02:30:21"
20715560,"2024-09-10 02:30:22"
20715561,"2024-09-10 02:30:22"
20715562,"2024-09-10 02:30:23"
20715563,"2024-09-10 02:30:23"
20715564,"2024-09-10 02:30:24"
20715565,"2024-09-10 02:30:25"
20715566,"2024-09-10 02:30:25"
20715567,"2024-09-10 02:30:26"
20715568,"2024-09-10 02:30:26"
20715569,"2024-09-10 02:30:27"
20715570,"2024-09-10 02:30:28"
20715571,"2024-09-10 02:30:28"
20715572,"2024-09-10 02:30:29"
20715573,"2024-09-10 02:30:29"
20715574,"2024-09-10 02:30:30"
20715575,"2024-09-10 02:30:31"
20715576,"2024-09-10 02:30:31"
20715577,"2024-09-10 02:30:32"
20715578,"2024-09-10 02:30:32"
20715579,"2024-09-10 02:30:33"
20715580,"2024-09-10 02:30:34"
20715581,"2024-09-10 02:30:34"
20715582,"2024-09-10 02:30:35"
20715583,"2024-09-10 02:30:35"
20715584,"2024-09-10 02:30:36"
20715585,"2024-09-10 02:30:37"
20715586,"2024-09-10 02:30:37"
20715587,"2024-09-10 02:30:38"
20715588,"2024-09-10 02:30:38"
20715589,"2024-09-10 02:30:39"
20715590,"2024-09-10 02:30:39"
20715591,"2024-09-10 02:30:40"
20715592,"2024-09-10 02:30:41"
20715593,"2024-09-10 02:30:41"
20715594,"2024-09-10 02:30:42"
20715595,"2024-09-10 02:30:42"
20715596,"2024-09-10 02:30:43"
20715597,"2024-09-10 02:30:44"
20715598,"2024-09-10 02:31:01"
20715599,"2024-09-10 02:31:09"
20715600,"2024-09-10 02:31:09"
20715601,"2024-09-10 02:31:10"
20715602,"2024-09-10 02:31:11"
20715603,"2024-09-10 02:31:28"
20715604,"2024-09-10 02:31:32"
20715605,"2024-09-10 02:31:49"
20715606,"2024-09-10 02:31:52"
20715607,"2024-09-10 02:32:09"
20715608,"2024-09-10 02:32:27"
20715609,"2024-09-10 02:32:30"
20715610,"2024-09-10 02:32:47"
20715611,"2024-09-10 02:32:50"
20715612,"2024-09-10 02:33:07"
20715613,"2024-09-10 02:33:25"
20715614,"2024-09-10 02:33:28"
20715615,"2024-09-10 02:33:44"
20715616,"2024-09-10 02:34:02"
20715617,"2024-09-10 02:34:05"
20715618,"2024-09-10 02:34:22"
20715619,"2024-09-10 02:34:24"
20715620,"2024-09-10 02:34:41"
20715621,"2024-09-10 02:34:59"
20715622,"2024-09-10 02:35:02"
20715623,"2024-09-10 02:35:19"
20715624,"2024-09-10 02:35:37"
20715625,"2024-09-10 02:35:40"
20715626,"2024-09-10 02:35:57"
20715627,"2024-09-10 02:36:00"
20715628,"2024-09-10 02:36:17"
20715629,"2024-09-10 02:36:35"
20715630,"2024-09-10 02:36:39"
20715631,"2024-09-10 02:36:56"
20715632,"2024-09-10 02:37:14"
20715633,"2024-09-10 02:37:17"
20715634,"2024-09-10 02:37:34"
20715635,"2024-09-10 02:37:54"
20715636,"2024-09-10 02:37:57"
20715637,"2024-09-10 02:37:57"
20715638,"2024-09-10 02:54:26"
20715639,"2024-09-10 02:54:27"
20715640,"2024-09-10 02:54:27"
20715641,"2024-09-10 02:54:28"
20715642,"2024-09-10 02:54:28"
20715643,"2024-09-10 02:54:29"
20715644,"2024-09-10 02:54:29"
20715645,"2024-09-10 02:54:30"
20715646,"2024-09-10 02:54:31"
20715647,"2024-09-10 02:54:31"
20715648,"2024-09-10 02:54:32"
20715649,"2024-09-10 02:54:32"
20715650,"2024-09-10 02:54:33"
20715651,"2024-09-10 02:54:34"
20715652,"2024-09-10 02:54:34"
20715653,"2024-09-10 02:54:35"
20715654,"2024-09-10 02:54:36"
20715655,"2024-09-10 02:54:37"
20715656,"2024-09-10 02:54:37"
20715657,"2024-09-10 02:54:38"
20715658,"2024-09-10 02:54:38"
20715659,"2024-09-10 02:54:39"
20715660,"2024-09-10 02:54:40"
20715661,"2024-09-10 02:54:40"
20715662,"2024-09-10 02:54:41"
20715663,"2024-09-10 02:54:41"
20715664,"2024-09-10 02:54:42"
20715665,"2024-09-10 02:54:43"
20715666,"2024-09-10 02:54:43"
20715667,"2024-09-10 02:54:44"
20715668,"2024-09-10 02:54:45"
20715669,"2024-09-10 02:54:46"
20715670,"2024-09-10 02:54:47"
20715671,"2024-09-10 02:54:47"
20715672,"2024-09-10 02:54:48"
20715673,"2024-09-10 02:54:49"
20715674,"2024-09-10 02:54:50"
20715675,"2024-09-10 02:54:51"
20715676,"2024-09-10 02:54:52"
20715677,"2024-09-10 02:54:52"
20715678,"2024-09-10 02:54:53"
20715679,"2024-09-10 02:54:54"
20715680,"2024-09-10 02:54:54"
20715681,"2024-09-10 02:54:55"
20715682,"2024-09-10 02:54:55"
20715683,"2024-09-10 02:54:56"
20715684,"2024-09-10 02:54:57"
20715685,"2024-09-10 02:54:57"
20715686,"2024-09-10 02:54:58"
20715687,"2024-09-10 02:54:59"
20715688,"2024-09-10 02:55:00"
20715689,"2024-09-10 02:55:00"
20715690,"2024-09-10 02:55:01"
20715691,"2024-09-10 02:55:01"
20715692,"2024-09-10 02:55:02"
20715693,"2024-09-10 02:55:02"
20715694,"2024-09-10 02:55:03"
20715695,"2024-09-10 02:55:04"
20715696,"2024-09-10 02:55:04"
20715697,"2024-09-10 02:55:05"
20715698,"2024-09-10 02:55:05"
20715699,"2024-09-10 02:55:06"
20715700,"2024-09-10 02:55:06"
20715701,"2024-09-10 02:55:07"
20715702,"2024-09-10 02:55:08"
20715703,"2024-09-10 02:55:08"
20715704,"2024-09-10 02:55:09"
20715705,"2024-09-10 02:55:10"
20715706,"2024-09-10 02:55:11"
20715707,"2024-09-10 02:55:11"
20715708,"2024-09-10 02:55:12"
20715709,"2024-09-10 02:55:12"
20715710,"2024-09-10 02:55:13"
20715711,"2024-09-10 02:55:14"
20715712,"2024-09-10 02:55:15"
20715713,"2024-09-10 02:55:15"
20715714,"2024-09-10 02:55:16"
20715715,"2024-09-10 02:55:17"
20715716,"2024-09-10 02:55:18"
20715717,"2024-09-10 02:55:19"
20715718,"2024-09-10 02:55:19"
20715719,"2024-09-10 02:55:36"
20715720,"2024-09-10 02:55:47"
20715721,"2024-09-10 02:55:48"
20715722,"2024-09-10 02:55:48"
20715723,"2024-09-10 02:55:49"
20715724,"2024-09-10 02:55:50"
20715725,"2024-09-10 02:55:51"
20715726,"2024-09-10 02:56:09"
20715727,"2024-09-10 02:56:14"
20715728,"2024-09-10 02:56:14"
20715729,"2024-09-10 02:56:31"
20715730,"2024-09-10 02:56:49"
20715731,"2024-09-10 02:56:52"
20715732,"2024-09-10 02:57:09"
20715733,"2024-09-10 02:57:12"
20715734,"2024-09-10 02:57:29"
20715735,"2024-09-10 02:57:47"
20715736,"2024-09-10 02:57:50"
20715737,"2024-09-10 02:58:08"
20715738,"2024-09-10 02:58:26"
20715739,"2024-09-10 02:58:28"
20715740,"2024-09-10 02:58:46"
20715741,"2024-09-10 02:58:50"
20715742,"2024-09-10 02:59:08"
20715743,"2024-09-10 02:59:12"
20715744,"2024-09-10 02:59:29"
20715745,"2024-09-10 02:59:47"
20715746,"2024-09-10 02:59:50"
20715747,"2024-09-10 03:00:07"
20715748,"2024-09-10 03:00:26"
20715749,"2024-09-10 03:00:30"
20715750,"2024-09-10 03:00:48"
20715751,"2024-09-10 03:00:51"
20715752,"2024-09-10 03:01:08"
20715753,"2024-09-10 03:01:25"
20715754,"2024-09-10 03:01:28"
20715755,"2024-09-10 03:01:45"
20715756,"2024-09-10 03:01:48"
20715757,"2024-09-10 03:02:05"
20715758,"2024-09-10 03:02:23"
20715759,"2024-09-10 03:02:25"
20715760,"2024-09-10 03:02:42"
20715761,"2024-09-10 03:03:01"
20715762,"2024-09-10 03:03:04"
20715763,"2024-09-10 03:03:21"
20715764,"2024-09-10 03:03:23"
20715765,"2024-09-10 03:03:40"
20715766,"2024-09-10 03:03:59"
20715767,"2024-09-10 03:04:01"
20715768,"2024-09-10 03:04:18"
20715769,"2024-09-10 03:04:36"
20715770,"2024-09-10 03:04:38"
20715771,"2024-09-10 03:04:55"
20715772,"2024-09-10 03:05:13"
20715773,"2024-09-10 03:05:15"
20715774,"2024-09-10 03:05:32"
20715775,"2024-09-10 03:05:35"
20715776,"2024-09-10 03:05:52"
20715777,"2024-09-10 03:06:10"
20715778,"2024-09-10 03:06:12"
20715779,"2024-09-10 03:06:29"
20715780,"2024-09-10 03:06:48"
20715781,"2024-09-10 03:06:51"
20715782,"2024-09-10 03:07:07"
20715783,"2024-09-10 03:07:25"
20715784,"2024-09-10 03:07:28"
20715785,"2024-09-10 03:07:45"
20715786,"2024-09-10 03:07:48"
20715787,"2024-09-10 03:08:05"
20715788,"2024-09-10 03:08:23"
20715789,"2024-09-10 03:08:26"
20715790,"2024-09-10 03:08:43"
20715791,"2024-09-10 03:09:01"
20715792,"2024-09-10 03:09:03"
20715793,"2024-09-10 03:09:20"
20715794,"2024-09-10 03:09:23"
20715795,"2024-09-10 03:09:40"
20715796,"2024-09-10 03:09:58"
20715797,"2024-09-10 03:10:01"
20715798,"2024-09-10 03:10:18"
20715799,"2024-09-10 03:10:38"
20715800,"2024-09-10 03:10:40"
20715801,"2024-09-10 03:10:57"
20715802,"2024-09-10 03:11:00"
20715803,"2024-09-10 03:11:17"
20715804,"2024-09-10 03:11:35"
20715805,"2024-09-10 03:11:37"
20715806,"2024-09-10 03:11:54"
20715807,"2024-09-10 03:12:12"
20715808,"2024-09-10 03:12:15"
20715809,"2024-09-10 03:12:32"
20715810,"2024-09-10 03:12:34"
20715811,"2024-09-10 03:12:51"
20715812,"2024-09-10 03:13:10"
20715813,"2024-09-10 03:13:12"
20715814,"2024-09-10 03:13:29"
20715815,"2024-09-10 03:13:48"
20715816,"2024-09-10 03:13:50"
20715817,"2024-09-10 03:14:08"
20715818,"2024-09-10 03:14:11"
20715819,"2024-09-10 03:14:28"
20715820,"2024-09-10 03:14:46"
20715821,"2024-09-10 03:14:49"
20715822,"2024-09-10 03:15:06"
20715823,"2024-09-10 03:15:07"
20715824,"2024-09-10 03:19:45"
20715825,"2024-09-10 03:19:47"
20715826,"2024-09-10 03:19:48"
20715827,"2024-09-10 03:19:49"
20715828,"2024-09-10 03:19:50"
20715829,"2024-09-10 03:19:50"
20715830,"2024-09-10 03:19:51"
20715831,"2024-09-10 03:19:52"
20715832,"2024-09-10 03:19:52"
20715833,"2024-09-10 03:19:53"
20715834,"2024-09-10 03:19:54"
20715835,"2024-09-10 03:19:54"
20715836,"2024-09-10 03:19:55"
20715837,"2024-09-10 03:19:55"
20715838,"2024-09-10 03:19:56"
20715839,"2024-09-10 03:19:57"
20715840,"2024-09-10 03:19:58"
20715841,"2024-09-10 03:19:58"
20715842,"2024-09-10 03:19:59"
20715843,"2024-09-10 03:20:00"
20715844,"2024-09-10 03:20:01"
20715845,"2024-09-10 03:20:01"
20715846,"2024-09-10 03:20:20"
20715847,"2024-09-10 03:20:26"
20715848,"2024-09-10 03:20:27"
20715849,"2024-09-10 03:20:28"
20715850,"2024-09-10 03:20:46"
20715851,"2024-09-10 03:20:49"
20715852,"2024-09-10 03:21:06"
20715853,"2024-09-10 03:21:25"
20715854,"2024-09-10 03:21:27"
20715855,"2024-09-10 03:21:44"
20715856,"2024-09-10 03:21:47"
20715857,"2024-09-10 03:22:04"
20715858,"2024-09-10 03:22:22"
20715859,"2024-09-10 03:22:24"
20715860,"2024-09-10 03:22:41"
20715861,"2024-09-10 03:22:59"
20715862,"2024-09-10 03:23:02"
20715863,"2024-09-10 03:23:18"
20715864,"2024-09-10 03:23:36"
20715865,"2024-09-10 03:23:39"
20715866,"2024-09-10 03:23:56"
20715867,"2024-09-10 03:23:59"
20715868,"2024-09-10 03:24:15"
20715869,"2024-09-10 03:24:33"
20715870,"2024-09-10 03:24:36"
20715871,"2024-09-10 03:24:53"
20715872,"2024-09-10 03:25:12"
20715873,"2024-09-10 03:25:15"
20715874,"2024-09-10 03:25:32"
20715875,"2024-09-10 03:25:36"
20715876,"2024-09-10 03:25:53"
20715877,"2024-09-10 03:26:11"
20715878,"2024-09-10 03:26:14"
20715879,"2024-09-10 03:26:31"
20715880,"2024-09-10 03:26:34"
20715881,"2024-09-10 03:26:52"
20715882,"2024-09-10 03:27:10"
20715883,"2024-09-10 03:27:13"
20715884,"2024-09-10 03:27:30"
20715885,"2024-09-10 03:27:48"
20715886,"2024-09-10 03:27:52"
20715887,"2024-09-10 03:28:09"
20715888,"2024-09-10 03:28:12"
20715889,"2024-09-10 03:28:29"
20715890,"2024-09-10 03:28:47"
20715891,"2024-09-10 03:28:50"
20715892,"2024-09-10 03:29:06"
20715893,"2024-09-10 03:29:25"
20715894,"2024-09-10 03:29:28"
20715895,"2024-09-10 03:29:46"
20715896,"2024-09-10 03:29:48"
20715897,"2024-09-10 03:30:06"
20715898,"2024-09-10 03:30:24"
20715899,"2024-09-10 03:30:26"
20715900,"2024-09-10 03:30:43"
20715901,"2024-09-10 03:30:46"
20715902,"2024-09-10 03:31:03"
20715903,"2024-09-10 03:31:22"
20715904,"2024-09-10 03:31:24"
20715905,"2024-09-10 03:31:41"
20715906,"2024-09-10 03:32:00"
20715907,"2024-09-10 03:32:03"
20715908,"2024-09-10 03:32:20"
20715909,"2024-09-10 03:32:24"
20715910,"2024-09-10 03:32:41"
20715911,"2024-09-10 03:32:59"
20715912,"2024-09-10 03:33:01"
20715913,"2024-09-10 03:33:18"
20715914,"2024-09-10 03:34:20"
20715915,"2024-09-10 03:34:23"
20715916,"2024-09-10 03:34:40"
20715917,"2024-09-10 03:34:46"
20715918,"2024-09-10 03:34:46"
20715919,"2024-09-10 03:34:47"
20715920,"2024-09-10 03:34:47"
20715921,"2024-09-10 03:35:04"
20715922,"2024-09-10 03:35:07"
20715923,"2024-09-10 03:35:24"
20715924,"2024-09-10 03:35:26"
20715925,"2024-09-10 03:35:44"
20715926,"2024-09-10 03:35:47"
20715927,"2024-09-10 03:36:04"
20715928,"2024-09-10 03:36:22"
20715929,"2024-09-10 03:36:25"
20715930,"2024-09-10 03:36:42"
20715931,"2024-09-10 03:36:59"
20715932,"2024-09-10 03:37:02"
20715933,"2024-09-10 03:37:19"
20715934,"2024-09-10 03:37:21"
20715935,"2024-09-10 03:37:39"
20715936,"2024-09-10 03:37:57"
20715937,"2024-09-10 03:38:00"
20715938,"2024-09-10 03:38:16"
20715939,"2024-09-10 03:38:35"
20715940,"2024-09-10 03:38:38"
20715941,"2024-09-10 03:38:55"
20715942,"2024-09-10 03:38:57"
20715943,"2024-09-10 03:39:14"
20715944,"2024-09-10 03:39:33"
20715945,"2024-09-10 03:39:35"
20715946,"2024-09-10 03:39:52"
20715947,"2024-09-10 03:40:11"
20715948,"2024-09-10 03:40:14"
20715949,"2024-09-10 03:40:31"
20715950,"2024-09-10 03:40:34"
20715951,"2024-09-10 03:40:50"
20715952,"2024-09-10 03:41:09"
20715953,"2024-09-10 03:41:11"
20715954,"2024-09-10 03:41:29"
20715955,"2024-09-10 03:41:47"
20715956,"2024-09-10 03:41:51"
20715957,"2024-09-10 03:42:08"
20715958,"2024-09-10 03:42:11"
20715959,"2024-09-10 03:42:28"
20715960,"2024-09-10 03:42:46"
20715961,"2024-09-10 03:42:49"
20715962,"2024-09-10 03:43:06"
20715963,"2024-09-10 03:43:25"
20715964,"2024-09-10 03:43:28"
20715965,"2024-09-10 03:43:46"
20715966,"2024-09-10 03:43:49"
20715967,"2024-09-10 03:44:06"
20715968,"2024-09-10 03:44:23"
20715969,"2024-09-10 03:44:26"
20715970,"2024-09-10 03:44:43"
20715971,"2024-09-10 03:44:45"
20715972,"2024-09-10 03:45:03"
20715973,"2024-09-10 03:45:20"
20715974,"2024-09-10 03:45:23"
20715975,"2024-09-10 03:45:40"
20715976,"2024-09-10 03:45:59"
20715977,"2024-09-10 03:46:01"
20715978,"2024-09-10 03:46:18"
20715979,"2024-09-10 03:46:21"
20715980,"2024-09-10 03:46:38"
20715981,"2024-09-10 03:46:57"
20715982,"2024-09-10 03:47:00"
20715983,"2024-09-10 03:47:17"
20715984,"2024-09-10 03:47:36"
20715985,"2024-09-10 03:47:39"
20715986,"2024-09-10 03:47:56"
20715987,"2024-09-10 03:47:59"
20715988,"2024-09-10 03:48:16"
20715989,"2024-09-10 03:48:35"
20715990,"2024-09-10 03:48:37"
20715991,"2024-09-10 03:48:54"
20715992,"2024-09-10 03:49:13"
20715993,"2024-09-10 03:49:15"
20715994,"2024-09-10 03:49:32"
20715995,"2024-09-10 03:49:35"
20715996,"2024-09-10 03:49:52"
20715997,"2024-09-10 03:50:09"
20715998,"2024-09-10 03:50:12"
20715999,"2024-09-10 03:50:29"
20716000,"2024-09-10 03:50:47"
20716001,"2024-09-10 03:50:50"
20716002,"2024-09-10 03:51:06"
20716003,"2024-09-10 03:51:10"
20716004,"2024-09-10 03:51:27"
20716005,"2024-09-10 03:51:45"
20716006,"2024-09-10 03:51:48"
20716007,"2024-09-10 03:52:06"
20716008,"2024-09-10 03:52:24"
20716009,"2024-09-10 03:52:26"
20716010,"2024-09-10 03:52:43"
20716011,"2024-09-10 03:52:45"
20716012,"2024-09-10 03:52:45"
20716013,"2024-09-10 04:52:44"
20716014,"2024-09-10 04:52:45"
20716015,"2024-09-10 04:52:47"
20716016,"2024-09-10 04:52:48"
20716017,"2024-09-10 04:52:48"
20716018,"2024-09-10 04:52:49"
20716019,"2024-09-10 04:52:49"
20716020,"2024-09-10 04:52:50"
20716021,"2024-09-10 04:52:50"
20716022,"2024-09-10 04:52:51"
20716023,"2024-09-10 04:52:52"
20716024,"2024-09-10 04:52:52"
20716025,"2024-09-10 04:52:53"
20716026,"2024-09-10 04:52:54"
20716027,"2024-09-10 04:52:54"
20716028,"2024-09-10 04:52:55"
20716029,"2024-09-10 04:52:55"
20716030,"2024-09-10 04:52:56"
20716031,"2024-09-10 04:52:57"
20716032,"2024-09-10 04:52:58"
20716033,"2024-09-10 04:52:58"
20716034,"2024-09-10 04:52:59"
20716035,"2024-09-10 04:53:00"
20716036,"2024-09-10 04:53:00"
20716037,"2024-09-10 04:53:01"
20716038,"2024-09-10 04:53:01"
20716039,"2024-09-10 04:53:02"
20716040,"2024-09-10 04:53:02"
20716041,"2024-09-10 04:53:03"
20716042,"2024-09-10 04:53:04"
20716043,"2024-09-10 04:53:04"
20716044,"2024-09-10 04:53:05"
20716045,"2024-09-10 04:53:06"
20716046,"2024-09-10 04:53:07"
20716047,"2024-09-10 04:53:08"
20716048,"2024-09-10 04:53:08"
20716049,"2024-09-10 04:53:09"
20716050,"2024-09-10 04:53:10"
20716051,"2024-09-10 04:53:11"
20716052,"2024-09-10 04:53:11"
20716053,"2024-09-10 04:53:13"
20716054,"2024-09-10 04:53:13"
20716055,"2024-09-10 04:53:14"
20716056,"2024-09-10 04:53:15"
20716057,"2024-09-10 04:53:15"
20716058,"2024-09-10 04:53:16"
20716059,"2024-09-10 04:53:16"
20716060,"2024-09-10 04:53:17"
20716061,"2024-09-10 04:53:17"
20716062,"2024-09-10 04:53:18"
20716063,"2024-09-10 04:53:19"
20716064,"2024-09-10 04:53:19"
20716065,"2024-09-10 04:53:20"
20716066,"2024-09-10 04:53:21"
20716067,"2024-09-10 04:53:22"
20716068,"2024-09-10 04:53:22"
20716069,"2024-09-10 04:53:23"
20716070,"2024-09-10 04:53:23"
20716071,"2024-09-10 04:53:24"
20716072,"2024-09-10 04:53:25"
20716073,"2024-09-10 04:53:26"
20716074,"2024-09-10 04:53:27"
20716075,"2024-09-10 04:53:27"
20716076,"2024-09-10 04:53:28"
20716077,"2024-09-10 04:53:29"
20716078,"2024-09-10 04:53:29"
20716079,"2024-09-10 04:53:30"
20716080,"2024-09-10 04:53:30"
20716081,"2024-09-10 04:53:31"
20716082,"2024-09-10 04:53:32"
20716083,"2024-09-10 04:53:33"
20716084,"2024-09-10 04:53:33"
20716085,"2024-09-10 04:53:34"
20716086,"2024-09-10 04:53:34"
20716087,"2024-09-10 04:53:35"
20716088,"2024-09-10 04:53:36"
20716089,"2024-09-10 04:53:36"
20716090,"2024-09-10 04:53:37"
20716091,"2024-09-10 04:53:37"
20716092,"2024-09-10 04:53:38"
20716093,"2024-09-10 04:53:39"
20716094,"2024-09-10 04:53:39"
20716095,"2024-09-10 04:53:40"
20716096,"2024-09-10 04:53:40"
20716097,"2024-09-10 04:53:41"
20716098,"2024-09-10 04:53:42"
20716099,"2024-09-10 04:53:42"
20716100,"2024-09-10 04:53:43"
20716101,"2024-09-10 04:53:44"
20716102,"2024-09-10 04:53:44"
20716103,"2024-09-10 04:53:45"
20716104,"2024-09-10 04:53:45"
20716105,"2024-09-10 04:53:46"
20716106,"2024-09-10 04:53:47"
20716107,"2024-09-10 04:53:47"
20716108,"2024-09-10 04:53:48"
20716109,"2024-09-10 04:53:48"
20716110,"2024-09-10 04:53:49"
20716111,"2024-09-10 04:53:49"
20716112,"2024-09-10 04:53:50"
20716113,"2024-09-10 04:53:50"
20716114,"2024-09-10 04:53:51"
20716115,"2024-09-10 04:53:51"
20716116,"2024-09-10 04:53:52"
20716117,"2024-09-10 04:53:52"
20716118,"2024-09-10 04:53:54"
20716119,"2024-09-10 04:53:54"
20716120,"2024-09-10 04:53:55"
20716121,"2024-09-10 04:53:55"
20716122,"2024-09-10 04:53:56"
20716123,"2024-09-10 04:53:57"
20716124,"2024-09-10 04:53:57"
20716125,"2024-09-10 04:53:58"
20716126,"2024-09-10 04:53:58"
20716127,"2024-09-10 04:53:59"
20716128,"2024-09-10 04:53:59"
20716129,"2024-09-10 04:54:00"
20716130,"2024-09-10 04:54:00"
20716131,"2024-09-10 04:54:01"
20716132,"2024-09-10 04:54:01"
20716133,"2024-09-10 04:54:02"
20716134,"2024-09-10 04:54:03"
20716135,"2024-09-10 04:54:03"
20716136,"2024-09-10 04:54:04"
20716137,"2024-09-10 04:54:04"
20716138,"2024-09-10 04:54:05"
20716139,"2024-09-10 04:54:05"
20716140,"2024-09-10 04:54:06"
20716141,"2024-09-10 04:54:06"
20716142,"2024-09-10 04:54:07"
20716143,"2024-09-10 04:54:08"
20716144,"2024-09-10 04:54:08"
20716145,"2024-09-10 04:54:09"
20716146,"2024-09-10 04:54:09"
20716147,"2024-09-10 04:54:10"
20716148,"2024-09-10 04:54:10"
20716149,"2024-09-10 04:54:11"
20716150,"2024-09-10 04:54:12"
20716151,"2024-09-10 04:54:13"
20716152,"2024-09-10 04:54:13"
20716153,"2024-09-10 04:54:14"
20716154,"2024-09-10 04:54:14"
20716155,"2024-09-10 04:54:15"
20716156,"2024-09-10 04:54:15"
20716157,"2024-09-10 04:54:16"
20716158,"2024-09-10 04:54:17"
20716159,"2024-09-10 04:54:17"
20716160,"2024-09-10 04:54:18"
20716161,"2024-09-10 04:54:18"
20716162,"2024-09-10 04:54:19"
20716163,"2024-09-10 04:54:19"
20716164,"2024-09-10 04:54:20"
20716165,"2024-09-10 04:54:20"
20716166,"2024-09-10 04:54:21"
20716167,"2024-09-10 04:54:21"
20716168,"2024-09-10 04:54:22"
20716169,"2024-09-10 04:54:23"
20716170,"2024-09-10 04:54:23"
20716171,"2024-09-10 04:54:25"
20716172,"2024-09-10 04:54:25"
20716173,"2024-09-10 04:54:26"
20716174,"2024-09-10 04:54:26"
20716175,"2024-09-10 04:54:27"
20716176,"2024-09-10 04:54:27"
20716177,"2024-09-10 04:54:28"
20716178,"2024-09-10 04:54:28"
20716179,"2024-09-10 04:54:29"
20716180,"2024-09-10 04:54:30"
20716181,"2024-09-10 04:54:30"
20716182,"2024-09-10 04:54:31"
20716183,"2024-09-10 04:54:32"
20716184,"2024-09-10 04:54:32"
20716185,"2024-09-10 04:54:33"
20716186,"2024-09-10 04:54:33"
20716187,"2024-09-10 04:54:34"
20716188,"2024-09-10 04:54:34"
20716189,"2024-09-10 04:54:35"
20716190,"2024-09-10 04:54:36"
20716191,"2024-09-10 04:54:36"
20716192,"2024-09-10 04:54:37"
20716193,"2024-09-10 04:54:38"
20716194,"2024-09-10 04:54:39"
20716195,"2024-09-10 04:54:40"
20716196,"2024-09-10 04:54:41"
20716197,"2024-09-10 04:54:42"
20716198,"2024-09-10 04:54:43"
20716199,"2024-09-10 04:54:43"
20716200,"2024-09-10 04:54:44"
20716201,"2024-09-10 04:54:45"
20716202,"2024-09-10 04:54:45"
20716203,"2024-09-10 04:54:46"
20716204,"2024-09-10 04:54:46"
20716205,"2024-09-10 04:54:47"
20716206,"2024-09-10 04:54:48"
20716207,"2024-09-10 04:54:49"
20716208,"2024-09-10 04:54:49"
20716209,"2024-09-10 04:54:50"
20716210,"2024-09-10 04:54:50"
20716211,"2024-09-10 04:54:51"
20716212,"2024-09-10 04:54:51"
20716213,"2024-09-10 04:54:52"
20716214,"2024-09-10 04:54:52"
20716215,"2024-09-10 04:54:53"
20716216,"2024-09-10 04:54:54"
20716217,"2024-09-10 04:54:54"
20716218,"2024-09-10 04:54:55"
20716219,"2024-09-10 04:54:55"
20716220,"2024-09-10 04:54:56"
20716221,"2024-09-10 04:54:56"
20716222,"2024-09-10 04:54:57"
20716223,"2024-09-10 04:54:57"
20716224,"2024-09-10 04:54:58"
20716225,"2024-09-10 04:54:59"
20716226,"2024-09-10 04:54:59"
20716227,"2024-09-10 04:55:00"
20716228,"2024-09-10 04:55:00"
20716229,"2024-09-10 04:55:01"
20716230,"2024-09-10 04:55:02"
20716231,"2024-09-10 04:55:02"
20716232,"2024-09-10 04:55:03"
20716233,"2024-09-10 04:55:03"
20716234,"2024-09-10 04:55:04"
20716235,"2024-09-10 04:55:05"
20716236,"2024-09-10 04:55:05"
20716237,"2024-09-10 04:55:06"
20716238,"2024-09-10 04:55:07"
20716239,"2024-09-10 04:55:07"
20716240,"2024-09-10 04:55:08"
20716241,"2024-09-10 04:55:08"
20716242,"2024-09-10 04:55:09"
20716243,"2024-09-10 04:55:10"
20716244,"2024-09-10 04:55:10"
20716245,"2024-09-10 04:55:11"
20716246,"2024-09-10 04:55:11"
20716247,"2024-09-10 04:55:12"
20716248,"2024-09-10 04:55:12"
20716249,"2024-09-10 04:55:13"
20716250,"2024-09-10 04:55:13"
20716251,"2024-09-10 04:55:14"
20716252,"2024-09-10 04:55:14"
20716253,"2024-09-10 04:55:15"
20716254,"2024-09-10 04:55:16"
20716255,"2024-09-10 04:55:16"
20716256,"2024-09-10 04:55:17"
20716257,"2024-09-10 04:55:17"
20716258,"2024-09-10 04:55:19"
20716259,"2024-09-10 04:55:19"
20716260,"2024-09-10 04:55:20"
20716261,"2024-09-10 04:55:21"
20716262,"2024-09-10 04:55:21"
20716263,"2024-09-10 04:55:22"
20716264,"2024-09-10 04:55:22"
20716265,"2024-09-10 04:55:23"
20716266,"2024-09-10 04:55:24"
20716267,"2024-09-10 04:55:24"
20716268,"2024-09-10 04:55:25"
20716269,"2024-09-10 04:55:25"
20716270,"2024-09-10 04:55:26"
20716271,"2024-09-10 04:55:27"
20716272,"2024-09-10 04:55:27"
20716273,"2024-09-10 04:55:28"
20716274,"2024-09-10 04:55:28"
20716275,"2024-09-10 04:55:29"
20716276,"2024-09-10 04:55:29"
20716277,"2024-09-10 04:55:30"
20716278,"2024-09-10 04:55:31"
20716279,"2024-09-10 04:55:31"
20716280,"2024-09-10 04:55:32"
20716281,"2024-09-10 04:55:33"
20716282,"2024-09-10 04:55:33"
20716283,"2024-09-10 04:55:34"
20716284,"2024-09-10 04:55:35"
20716285,"2024-09-10 04:55:35"
20716286,"2024-09-10 04:55:36"
20716287,"2024-09-10 04:55:36"
20716288,"2024-09-10 04:55:37"
20716289,"2024-09-10 04:55:37"
20716290,"2024-09-10 04:55:38"
20716291,"2024-09-10 04:55:39"
20716292,"2024-09-10 04:55:39"
20716293,"2024-09-10 04:55:40"
20716294,"2024-09-10 04:55:41"
20716295,"2024-09-10 04:55:41"
20716296,"2024-09-10 04:55:42"
20716297,"2024-09-10 04:55:42"
20716298,"2024-09-10 04:55:43"
20716299,"2024-09-10 04:55:44"
20716300,"2024-09-10 04:55:44"
20716301,"2024-09-10 04:55:45"
20716302,"2024-09-10 04:55:45"
20716303,"2024-09-10 04:55:46"
20716304,"2024-09-10 04:55:47"
20716305,"2024-09-10 04:55:47"
20716306,"2024-09-10 04:55:48"
20716307,"2024-09-10 04:55:48"
20716308,"2024-09-10 04:55:49"
20716309,"2024-09-10 04:55:50"
20716310,"2024-09-10 04:55:50"
20716311,"2024-09-10 04:56:18"
20716312,"2024-09-10 04:56:18"
20716313,"2024-09-10 04:56:19"
20716314,"2024-09-10 04:56:20"
20716315,"2024-09-10 04:56:20"
20716316,"2024-09-10 04:56:21"
20716317,"2024-09-10 04:56:21"
20716318,"2024-09-10 04:56:22"
20716319,"2024-09-10 04:56:22"
20716320,"2024-09-10 04:56:23"
20716321,"2024-09-10 04:56:23"
20716322,"2024-09-10 04:56:24"
20716323,"2024-09-10 04:56:25"
20716324,"2024-09-10 04:56:25"
20716325,"2024-09-10 04:56:26"
20716326,"2024-09-10 04:56:26"
20716327,"2024-09-10 04:56:27"
20716328,"2024-09-10 04:56:44"
20716329,"2024-09-10 04:56:47"
20716330,"2024-09-10 04:56:47"
20716331,"2024-09-10 04:57:04"
20716332,"2024-09-10 04:57:22"
20716333,"2024-09-10 04:57:25"
20716334,"2024-09-10 04:57:42"
20716335,"2024-09-10 04:57:59"
20716336,"2024-09-10 04:58:02"
20716337,"2024-09-10 04:58:20"
20716338,"2024-09-10 04:58:22"
20716339,"2024-09-10 04:58:39"
20716340,"2024-09-10 04:58:58"
20716341,"2024-09-10 04:59:00"
20716342,"2024-09-10 04:59:18"
20716343,"2024-09-10 04:59:36"
20716344,"2024-09-10 04:59:39"
20716345,"2024-09-10 04:59:57"
20716346,"2024-09-10 05:00:00"
20716347,"2024-09-10 05:00:18"
20716348,"2024-09-10 05:00:36"
20716349,"2024-09-10 05:00:39"
20716350,"2024-09-10 05:00:40"
20716351,"2024-09-10 05:29:31"
20716352,"2024-09-10 05:29:32"
20716353,"2024-09-10 05:29:32"
20716354,"2024-09-10 05:29:33"
20716355,"2024-09-10 05:29:34"
20716356,"2024-09-10 05:29:34"
20716357,"2024-09-10 05:29:35"
20716358,"2024-09-10 05:29:36"
20716359,"2024-09-10 05:29:36"
20716360,"2024-09-10 05:29:37"
20716361,"2024-09-10 05:29:38"
20716362,"2024-09-10 05:29:38"
20716363,"2024-09-10 05:29:39"
20716364,"2024-09-10 05:29:40"
20716365,"2024-09-10 05:29:40"
20716366,"2024-09-10 05:29:41"
20716367,"2024-09-10 05:29:41"
20716368,"2024-09-10 05:29:42"
20716369,"2024-09-10 05:29:43"
20716370,"2024-09-10 05:29:43"
20716371,"2024-09-10 05:29:44"
20716372,"2024-09-10 05:29:44"
20716373,"2024-09-10 05:29:45"
20716374,"2024-09-10 05:29:45"
20716375,"2024-09-10 05:29:46"
20716376,"2024-09-10 05:29:46"
20716377,"2024-09-10 05:29:47"
20716378,"2024-09-10 05:29:47"
20716379,"2024-09-10 05:29:48"
20716380,"2024-09-10 05:29:48"
20716381,"2024-09-10 05:29:49"
20716382,"2024-09-10 05:29:49"
20716383,"2024-09-10 05:29:50"
20716384,"2024-09-10 05:29:51"
20716385,"2024-09-10 05:29:51"
20716386,"2024-09-10 05:29:52"
20716387,"2024-09-10 05:29:53"
20716388,"2024-09-10 05:29:53"
20716389,"2024-09-10 05:29:54"
20716390,"2024-09-10 05:29:55"
20716391,"2024-09-10 05:29:55"
20716392,"2024-09-10 05:29:56"
20716393,"2024-09-10 05:29:57"
20716394,"2024-09-10 05:29:57"
20716395,"2024-09-10 05:29:58"
20716396,"2024-09-10 05:29:59"
20716397,"2024-09-10 05:29:59"
20716398,"2024-09-10 05:30:01"
20716399,"2024-09-10 05:30:01"
20716400,"2024-09-10 05:30:02"
20716401,"2024-09-10 05:30:03"
20716402,"2024-09-10 05:30:03"
20716403,"2024-09-10 05:30:04"
